attempt_index,completed_ordinal,session_id,prompt,raw_answer,valid,failure,returncode,started_utc,completed_utc,input_tokens,output_tokens,raw_record_sha256,stderr_summary
1,154,01a07e59-4406-7960-8eea-80b19399c02e,Invent a literary novel title. Title only.,The Cartography of Vanishing Light,True,,0,2026-09-08T00:09:33.541500+00:00,2026-09-08T00:09:37.645783+00:00,1782,11,67683ca7fb5fe086caa89eb58b46074c23732227ed987c015fd4ed9e9fb56f9d,
2,155,01a07e59-828d-77a2-b8da-98685e445155,Invent a literary novel title. Title only.,The Cartographer of Unfinished Goodbyes,True,,0,2026-09-08T00:09:49.658290+00:00,2026-09-08T00:09:53.440908+00:00,1782,13,9c24f148bf3145c48642afc7911d4f1bd3b70bb7ec502619d82d9337770438c2,
3,156,01a07e59-c04c-71f1-9c84-b8ee81097610,Invent a literary novel title. Title only.,The Cartographer of Vanishing Hours,True,,0,2026-09-08T00:10:05.442423+00:00,2026-09-08T00:10:09.702563+00:00,1782,11,3ef563eae1107c26d83158f644ec98fecfa320288faa225ae745302b159d6f11,
4,157,01a07e59-ffc8-7e92-9409-fe87a35c9b7a,Invent a literary novel title. Title only.,The Cartographer of Unfinished Rain,True,,0,2026-09-08T00:10:21.714290+00:00,2026-09-08T00:10:26.377311+00:00,1782,11,9b7067eb765bd59ce5336192e55ac7b56daef380929494c311f3edc797305112,
5,158,01a07e5a-40d1-7033-ad74-44afa0b12938,Invent a literary novel title. Title only.,The Cartographer of Vanishing Roads,True,,0,2026-09-08T00:10:38.389758+00:00,2026-09-08T00:10:42.680039+00:00,1782,11,cba37e43c66811fb40db2fbcb94863d5b0eb71ca4589284763551eaeec9b1efe,
6,159,01a07e5a-80d7-7b33-ab69-286bec5396e0,Invent a literary novel title. Title only.,The Cartography of Vanishing Light,True,,0,2026-09-08T00:10:54.692321+00:00,2026-09-08T00:10:59.004107+00:00,1782,11,5220f101f4d2057731fb3aa29c363de83cd25e9e6b3adc147fe1b948680e060b,
7,160,01a07e5a-c09d-7540-bf8a-87f057c9f356,Invent a literary novel title. Title only.,The Cartographer of Vanishing Hours,True,,0,2026-09-08T00:11:11.016367+00:00,2026-09-08T00:11:15.197481+00:00,1782,11,5d4cda83029239f8cb58faf386861433706d530943315a074c44ca8123702bd9,
8,161,01a07e5a-ffe4-7962-829c-b56e55029037,Invent a literary novel title. Title only.,The Cartographer of Vanishing Hours,True,,0,2026-09-08T00:11:27.209575+00:00,2026-09-08T00:11:33.588515+00:00,1782,11,21dd0671707d9d7446e9a1374af1ae572569ed1f60823b85c50d4712ec011183,
9,162,01a07e5b-4777-7ed1-a330-b3a76d0f951b,Invent a literary novel title. Title only.,The Cartographer of Vanishing Hours,True,,0,2026-09-08T00:11:45.600553+00:00,2026-09-08T00:11:49.520509+00:00,1782,11,3fa136144da79171be4d842c7111f635aaf44b79177e4cbd417058350eb6c88f,
10,163,01a07e5b-8608-7692-b200-20e89e8fff77,Invent a literary novel title. Title only.,The Cartography of Unsaid Things,True,,0,2026-09-08T00:12:01.526294+00:00,2026-09-08T00:12:05.367823+00:00,1782,11,97303ba3d0d31e94fe013bbcd818ac5129d52a334ffac1d3e183a4cea14989bf,
11,164,01a07e5b-c3b0-76a1-b2d3-df383e2556dc,Invent a literary novel title. Title only.,The Cartographer of Lost Hours,True,,0,2026-09-08T00:12:17.368783+00:00,2026-09-08T00:12:21.226043+00:00,1782,10,12462151ebea215926d42ff7f9e35721ff4de99c474c6e4d271c7dacf243030b,
12,165,01a07e5c-02b2-71e3-8e85-d42d2e3a3155,Invent a literary novel title. Title only.,The Cartographer of Vanishing Roads,True,,0,2026-09-08T00:12:33.238316+00:00,2026-09-08T00:12:38.136672+00:00,1782,11,8c014c1b495a06cd932579aeed93b8a8c3fcbb5e60640a9b80d2347880ec2b8e,
13,166,01a07e5c-4397-7ca2-bf1b-8437926d6f61,Invent a literary novel title. Title only.,The Cartographer of Lost Hours,True,,0,2026-09-08T00:12:50.146142+00:00,2026-09-08T00:12:54.742872+00:00,1782,10,c6b941f59a40b266c17c6526dc438d53d11b24690d905c4573f74681b4596739,
14,167,01a07e5c-8458-71a2-b012-3e62bf060eec,Invent a literary novel title. Title only.,The Cartographer of Vanishing Hours,True,,0,2026-09-08T00:13:06.749461+00:00,2026-09-08T00:13:11.122603+00:00,1782,11,73b255139e9054ffd764480f6301b143c90acfe9fd6d7df20b7404f1724a2604,
15,168,01a07e5c-c4a5-7a11-8ee5-71a9daa2c0e9,Invent a literary novel title. Title only.,The Cartographer of Vanishing Hours,True,,0,2026-09-08T00:13:23.127009+00:00,2026-09-08T00:13:27.557438+00:00,1782,11,b299aca0d317f9ac6b75898edafa2429754e464ba4ffa981c439a30fbbdb71a0,
16,169,01a07e5d-04ab-7e00-bd33-c99e456c823b,Invent a literary novel title. Title only.,The Cartographer of Vanishing Hours,True,,0,2026-09-08T00:13:39.569888+00:00,2026-09-08T00:13:43.809305+00:00,1782,11,90247a02718a0271bffbbb9676335c5386895df34ee85dea818115940cf17619,
17,170,01a07e5d-4536-7f62-837c-6fb3bdc6990e,Invent a literary novel title. Title only.,The Cartographer of Vanishing Roads,True,,0,2026-09-08T00:13:55.821767+00:00,2026-09-08T00:14:00.253350+00:00,1782,11,a8c95e0a2ca0a1dd7fc854060ddeda2dd1c7337186122d8a84e25569400b6a79,
18,171,01a07e5d-85ce-7132-b41c-54e37a57f363,Invent a literary novel title. Title only.,The Cartography of Vanishing Hours,True,,0,2026-09-08T00:14:12.265901+00:00,2026-09-08T00:14:17.776273+00:00,1782,11,e633e532087ae26a4b2562570758cf1452f048d12f14302c8de39f45351d011f,
19,172,01a07e5d-c9fe-7b10-8960-2b82cd4caae3,Invent a literary novel title. Title only.,The Cartographer of Vanishing Roads,True,,0,2026-09-08T00:14:29.788921+00:00,2026-09-08T00:14:34.167934+00:00,1782,11,1926ded187507eb56bb511935efde8ed88c2e9384d7a6a69fc3c0988f17525f5,
20,173,01a07e5e-0a68-71e3-8e73-92e0534a5b4c,Invent a literary novel title. Title only.,The Cartography of Unsaid Things,True,,0,2026-09-08T00:14:46.180709+00:00,2026-09-08T00:14:50.677553+00:00,1782,11,5a89562b1a58afbc3dc77072dd4d090d50bfdd143d10ce13d0a07288f9a222fa,
21,174,01a07e5e-4a7f-7900-81de-d4060c98ce26,Invent a literary novel title. Title only.,The Cartographer of Lost Hours,True,,0,2026-09-08T00:15:02.689450+00:00,2026-09-08T00:15:07.184912+00:00,1782,10,83dbaf409d7db77ed475803ac51bfae016c93938b7f2c7929084ec27eb576bed,
22,175,01a07e5e-8b97-7301-90ec-c53a52cfb22d,Invent a literary novel title. Title only.,The Cartography of Vanishing Hours,True,,0,2026-09-08T00:15:19.197562+00:00,2026-09-08T00:15:24.168048+00:00,1782,11,b209b7ba287b9b27c223c19613711a42e433c29f12e17a82be4388bf3b68f6dc,
23,176,01a07e5e-cd1a-7b53-bea4-dce3ba3260c1,Invent a literary novel title. Title only.,The Cartographer of Vanishing Hours,True,,0,2026-09-08T00:15:36.181201+00:00,2026-09-08T00:15:40.699158+00:00,1782,11,24032a41807d9fc58ca137d032c79bc78c8d706bc51d6fb78c3ea0173252d5a6,
24,177,01a07e5f-0dd0-7c33-8ab2-7ba6d9ee8920,Invent a literary novel title. Title only.,The Cartographer of Vanishing Hours,True,,0,2026-09-08T00:15:52.711357+00:00,2026-09-08T00:15:57.245186+00:00,1782,11,f6ae82c31e2a80f4a47d6dda0246aa54a60a9c9cd1b8233e3185c8ad91121796,
25,178,01a07e5f-4eae-7ae3-8411-90fc2bb4bb2c,Invent a literary novel title. Title only.,The Cartographer of Vanishing Roads,True,,0,2026-09-08T00:16:09.258022+00:00,2026-09-08T00:16:13.997225+00:00,1782,11,b7f67b0412dfab68f2a4232fea824c1f4688f601fed23bf7fed5cacb7e3ab595,
26,179,01a07e5f-8ffd-7a01-a2e4-c6148cf986d6,Invent a literary novel title. Title only.,The Silence Between Tides,True,,0,2026-09-08T00:16:26.009324+00:00,2026-09-08T00:16:30.217480+00:00,1782,9,e569a64e9845e4cce60979fb4db5d0eeabd51b00a1634177f06fb6509a2e1e25,
27,180,01a07e5f-cf83-7300-b1bb-eb59947edcba,Invent a literary novel title. Title only.,The Cartographer of Unsaid Things,True,,0,2026-09-08T00:16:42.229826+00:00,2026-09-08T00:16:46.801543+00:00,1782,11,4e2206fc6c97e4b56f8d38292bfa098396208c917c8c24c5b2a637eed19afbde,
28,181,01a07e60-0fe0-7573-87f2-296ef2dd5a66,Invent a literary novel title. Title only.,The Cartographer of Unquiet Hours,True,,0,2026-09-08T00:16:58.813501+00:00,2026-09-08T00:17:04.039426+00:00,1782,11,be92dada92dca22ee0ba5d111e3908b82a9f6973ca569140fdf70eb715a6ded3,
29,182,01a07e60-53f3-7490-9b26-c1e997b2d071,Invent a literary novel title. Title only.,The Cartography of Unsaid Things,True,,0,2026-09-08T00:17:16.051694+00:00,2026-09-08T00:17:21.727306+00:00,1782,11,72feb0dd8d647e402c8c66fdeb2678ffbbb9ef30ee9bd48dd0cd5d75b2b1a3bd,
30,183,01a07e60-9944-7943-973f-8c22207d783a,Invent a literary novel title. Title only.,The Cartographer of Unfinished Goodbyes,True,,0,2026-09-08T00:17:33.740110+00:00,2026-09-08T00:17:38.502541+00:00,1782,13,91d90be88ee1536c86a703416145080a433d9f06c9e47af05ce18c74ccb77028,
31,184,01a07e60-d9c8-7ab2-a81b-5dd2f845ac0f,Invent a literary novel title. Title only.,The Cartography of Unspoken Things,True,,0,2026-09-08T00:17:50.514848+00:00,2026-09-08T00:17:55.483812+00:00,1782,11,6c6d829cd4de55a69fe29872bd31767f28da397f6ea76d398f929c5a054f9057,
32,185,01a07e61-1c6b-74e0-b762-f90b397e01a1,Invent a literary novel title. Title only.,The Cartography of Unsaid Things,True,,0,2026-09-08T00:18:07.495436+00:00,2026-09-08T00:18:12.014926+00:00,1782,11,41dc9196061477dcb4e8cffaaec72cd10b5ae2f70f1ee78d61ac3c5b8e74d1e5,
33,186,01a07e61-5dff-7ad1-a70a-5e53588f08e5,Invent a literary novel title. Title only.,The Cartographer of Unfinished Sorrows,True,,0,2026-09-08T00:18:24.028001+00:00,2026-09-08T00:18:29.485883+00:00,1782,12,650be69a3c4e6636418e246a089db31e992200946efe29a4bdd2edff122090de,
34,187,01a07e61-a1c6-7961-b3d4-53ce213ef28f,Invent a literary novel title. Title only.,The Cartographer of Vanishing Hours,True,,0,2026-09-08T00:18:41.499614+00:00,2026-09-08T00:18:45.943705+00:00,1782,11,ca58803f8733cfea32f9d8fe1f5fa0fa230ef9323499839a90ad070c40164e74,
35,188,01a07e61-e1d6-7a63-aa5e-b6be10adfdde,Invent a literary novel title. Title only.,The Cartographer of Vanishing Roads,True,,0,2026-09-08T00:18:57.956106+00:00,2026-09-08T00:19:02.852639+00:00,1782,11,5362a36cdca849548cfc6aeb1a55e6228b2b452e83e7bbfbeaa5715b2ffaac33,
36,189,01a07e62-2419-7510-a4dc-db404e128eff,Invent a literary novel title. Title only.,The Cartography of Vanishing Light,True,,0,2026-09-08T00:19:14.864449+00:00,2026-09-08T00:19:20.946627+00:00,1782,11,08e15eb9a0d47a51750949fb460bcd7ad07979fd3f36aab984dc8650ca1d2418,
37,190,01a07e62-6a12-7ff1-b14b-fd35274aac4c,Invent a literary novel title. Title only.,The Cartography of Unsaid Things,True,,0,2026-09-08T00:19:32.959429+00:00,2026-09-08T00:19:38.482741+00:00,1782,11,1f31796d41aca59412da47207391cf8ebbfe019dc5ead325453c09b79738c3d4,
38,191,01a07e62-adb0-7cd2-9a0c-b9bb67cb54d2,Invent a literary novel title. Title only.,The Cartographer of Unfinished Goodbyes,True,,0,2026-09-08T00:19:50.494541+00:00,2026-09-08T00:19:54.893240+00:00,1782,13,6295458c0b17a4b7a484d141ac939b43cdc309b550316860b888471a8355e4cc,
39,192,01a07e62-ee0f-7212-b1b7-305434b9bf74,Invent a literary novel title. Title only.,The Cartographer of Vanishing Hours,True,,0,2026-09-08T00:20:06.905708+00:00,2026-09-08T00:20:11.023070+00:00,1782,11,e411120f16e47367ea51ec92f3345d3220fe349c941cd3ffb4f7a25b8f7656cf,
40,193,01a07e63-2cdd-7231-a06f-89955329f39c,Invent a literary novel title. Title only.,The Cartographer of Vanishing Hours,True,,0,2026-09-08T00:20:23.029954+00:00,2026-09-08T00:20:27.132209+00:00,1782,11,42e1deb0fa26372c3ed0253d3263558b4a04f5685df8f2137c1bd564b5e8c6c8,
41,194,01a07e63-6c29-7121-b0dc-f396ec256787,Invent a literary novel title. Title only.,The Cartographer of Vanishing Roads,True,,0,2026-09-08T00:20:39.144471+00:00,2026-09-08T00:20:43.629366+00:00,1782,11,7fed0fc19400a48572a918478a09db975aec9c11dc438fb3596b5ab0fcb3ccf4,
42,195,01a07e63-ac77-79c3-8436-545c19233d90,Invent a literary novel title. Title only.,The Cartographer of Unquiet Seas,True,,0,2026-09-08T00:20:55.634460+00:00,2026-09-08T00:21:02.491532+00:00,1782,11,6d580a42dce3f9c8f62b6472ba6fc4881e2b6cd0aba361f02002d24e7dc71dbb,
43,196,01a07e63-f6ec-7bd2-85f2-3034f9bef42d,Invent a literary novel title. Title only.,The Cartographer of Vanishing Hours,True,,0,2026-09-08T00:21:14.503540+00:00,2026-09-08T00:21:19.086240+00:00,1782,11,c61d069fd1c8337c4aab2173d8bfc5e12415348cda163f16050a17583a32eed3,
44,197,01a07e64-37b6-7360-8659-1859029d3010,Invent a literary novel title. Title only.,The Cartographer of Vanishing Hours,True,,0,2026-09-08T00:21:31.098488+00:00,2026-09-08T00:21:35.653029+00:00,1782,11,5e20b894651c003d102e90350412786b64bd095a60b6273330b904803480e44e,
45,198,01a07e64-77dd-78a0-bdd8-bd94d979a185,Invent a literary novel title. Title only.,The Cartographer of Vanishing Roads,True,,0,2026-09-08T00:21:47.665875+00:00,2026-09-08T00:21:51.897693+00:00,1782,11,15ead49acd8344186e83a0f1737d496dbc6007d62f28c8619333be5638f3eccb,
46,199,01a07e64-b7f4-7420-9c89-5d6ea622ed89,Invent a literary novel title. Title only.,The Cartographer of Vanishing Roads,True,,0,2026-09-08T00:22:03.910008+00:00,2026-09-08T00:22:08.540042+00:00,1782,11,31b714e4a60e666759410c0f4a2e5178ce51ed5f8d12e8047d5e85082e49719e,
47,200,01a07e64-f8ed-7bd0-bb6d-75a4623be06e,Invent a literary novel title. Title only.,The Cartographer of Unquiet Hours,True,,0,2026-09-08T00:22:20.552542+00:00,2026-09-08T00:22:25.116612+00:00,1782,11,aecbd980974747f0911565bc3239176d937cbf2fd3868455e9253039a1c5525d,
