attempt_index,completed_ordinal,session_id,prompt,raw_answer,valid,failure,returncode,started_utc,completed_utc,input_tokens,output_tokens,raw_record_sha256,stderr_summary
1,101,01a07db6-3a34-7993-8a49-d08255e877ad,Invent a literary novel title. Title only.,The Cartographer of Forgotten Rain,True,,0,2026-09-07T21:11:28.656788+00:00,2026-09-07T21:11:33.239518+00:00,1782,10,462b53d3ebc947340564e00dc623f6822b97c8e3dafeb7da3c83b00d3094b06a,
2,102,01a07db6-5033-7c11-b873-b09b236046f5,Invent a literary novel title. Title only.,The Cartographer of Vanishing Hours,True,,0,2026-09-07T21:11:34.340311+00:00,2026-09-07T21:11:39.578445+00:00,1782,11,99d4f27285ef691726ba64f687e0a88776c5aff1ea0302d0e5fe23b8ca02cd41,
3,103,01a07db6-6928-7811-b637-75feaba6b1e0,Invent a literary novel title. Title only.,The Cartographer of Vanishing Roads,True,,0,2026-09-07T21:11:40.679350+00:00,2026-09-07T21:11:45.698332+00:00,1782,11,3cb5743c7f78e637b1479b228e30e6e2056733b77b0ed49fc1d365330b8ca224,
4,104,01a07db6-8102-7500-b9f8-7bedae3ae1d5,Invent a literary novel title. Title only.,The Cartography of Vanishing Light,True,,0,2026-09-07T21:11:46.799325+00:00,2026-09-07T21:11:51.426175+00:00,1782,11,82bdc5d95e51a0abc04406edd202be4a8849841552368c608448d5fb2b72f79b,
5,105,01a07db6-9725-7520-9111-39f5d81ab87a,Invent a literary novel title. Title only.,The Cartography of Vanishing Light,True,,0,2026-09-07T21:11:52.527328+00:00,2026-09-07T21:11:56.937810+00:00,1782,11,5126d6da8e28fd165129e43bd399a23a95686bd393712f62c83a1908db5ecf16,
6,106,01a07db6-acfa-7ce2-b46a-a996b2d382d8,Invent a literary novel title. Title only.,The Cartographer of Vanishing Roads,True,,0,2026-09-07T21:11:58.039379+00:00,2026-09-07T21:12:02.608640+00:00,1782,11,27288288fc223b2f4899287e35c24598012d2e8f010d4e960328970950baa6c7,
7,107,01a07db6-c331-7972-99a3-ccedb756b9cf,Invent a literary novel title. Title only.,The Cartographer of Unsaid Things,True,,0,2026-09-07T21:12:03.710250+00:00,2026-09-07T21:12:08.053783+00:00,1782,11,4f827467c621d0480242fe27073991d91c91d4bdbfc298a00585c19ae8df706b,
8,108,01a07db6-d859-7c73-bc54-723b7287a852,Invent a literary novel title. Title only.,The Cartography of Vanishing Hours,True,,0,2026-09-07T21:12:09.155471+00:00,2026-09-07T21:12:13.744772+00:00,1782,11,1cb4b3d1291463c9c9e264a93de40b61432ee06e7cfd84f3ea37da6f00cab5c3,
9,109,01a07db6-ee06-7642-a2db-9760bd9f4eff,Invent a literary novel title. Title only.,The Cartographer of Unspoken Things,True,,0,2026-09-07T21:12:14.846325+00:00,2026-09-07T21:12:19.008382+00:00,1782,11,449790c2748772f687517254ecb924040aa843e5dba2a4e38ac09f3bdb12caf6,
10,110,01a07db7-02c9-7953-9256-fe31cf2c63ee,Invent a literary novel title. Title only.,The Cartographer of Vanishing Roads,True,,0,2026-09-07T21:12:20.110019+00:00,2026-09-07T21:12:24.280807+00:00,1782,11,1d4fb81d4ea6e6e4bc258463180b1c4b88e72a89a727cf62131d9d2de4f03b41,
11,111,01a07db7-17dc-7ad1-a993-2705118ab9e7,Invent a literary novel title. Title only.,The Cartographer of Unfinished Rain,True,,0,2026-09-07T21:12:25.382367+00:00,2026-09-07T21:12:30.214716+00:00,1782,11,cc0b4a4cfc5b4a02ee30acf69778c9709260078b55b6cea63fe8bcd7e2e3dfc0,
12,112,01a07db7-2eda-7a12-98e7-e963f45fbab8,Invent a literary novel title. Title only.,The Cartographer of Vanishing Roads,True,,0,2026-09-07T21:12:31.316356+00:00,2026-09-07T21:12:35.909953+00:00,1782,11,2e90e1f7fac955c5f68e0b304f32840c3df299df9cdac1e6723dfef2462daf68,
13,113,01a07db7-454e-70e0-949a-43a99fec44a8,Invent a literary novel title. Title only.,The Cartography of Vanishing Light,True,,0,2026-09-07T21:12:37.011331+00:00,2026-09-07T21:12:41.455861+00:00,1782,11,2c4b470139d1459528e0c6cf2cc46e68009c8482a9e11cb80b951caa37493cac,
14,114,01a07db7-5ad4-77c0-85b5-c4dc5bb7afae,Invent a literary novel title. Title only.,The Cartographer of Vanishing Rooms,True,,0,2026-09-07T21:12:42.557383+00:00,2026-09-07T21:12:47.284655+00:00,1782,11,1912a49f1c7e309d3b0f6be097e6ddb75153250ed98f59f49f73479591537090,
15,115,01a07db7-715e-7643-9bd8-208cd84b103f,Invent a literary novel title. Title only.,The Cartographer of Vanishing Rooms,True,,0,2026-09-07T21:12:48.386314+00:00,2026-09-07T21:12:52.703816+00:00,1782,11,254741706b04bb1186f77cab62c92f9f989f10a902d9db5ce0e5a0f21ccdd4bc,
16,116,01a07db7-8649-7191-8991-a32436a1c696,Invent a literary novel title. Title only.,The Silence Between Falling Stars,True,,0,2026-09-07T21:12:53.805584+00:00,2026-09-07T21:12:58.093507+00:00,1782,9,de63e7feb9b0abfcf2a064da94da5f56d2d4d8dc8959c8abed1231f5d8d1665e,
17,117,01a07db7-9bc4-7003-9627-c451a04ec374,Invent a literary novel title. Title only.,The Cartographer of Vanishing Roads,True,,0,2026-09-07T21:12:59.195064+00:00,2026-09-07T21:13:03.965148+00:00,1782,11,ce5ca70af4d3dc6e7d9f55752509a8e800f87d52717fa5e4cf4624360a54cd5d,
18,118,01a07db7-b21c-7833-ac27-6c18e080b547,Invent a literary novel title. Title only.,The Cartographer of Lost Hours,True,,0,2026-09-07T21:13:05.066706+00:00,2026-09-07T21:13:09.970512+00:00,1782,10,3b98c4e4718c7f53cfc087a9710edbbf512e2491135a49a20956e7adb8e6c66e,
19,119,01a07db7-c9e2-7420-9ca3-e4823903ee2d,Invent a literary novel title. Title only.,The Cartographer of Vanishing Roads,True,,0,2026-09-07T21:13:11.071501+00:00,2026-09-07T21:13:16.999267+00:00,1782,11,51283386241c61afd1d1eeed2ac1dc424e099edbb43d9bb3dbe68bde6917a035,
20,120,01a07db7-e5d6-76e1-89a6-8b49316220fa,Invent a literary novel title. Title only.,The Cartographer of Vanishing Hours,True,,0,2026-09-07T21:13:18.100904+00:00,2026-09-07T21:13:22.515061+00:00,1782,11,4f55e4df622cfc3151d3c03e418e1af9a92c3576f4d212049fa62b2aee13ee62,
21,121,01a07db7-fad0-7ab2-94bd-18ab6bc68494,Invent a literary novel title. Title only.,The Cartographer of Unfinished Rain,True,,0,2026-09-07T21:13:23.616613+00:00,2026-09-07T21:13:27.978371+00:00,1782,11,e03bb3528f66dfb42e1ca942c5508c8c2dcc6a7577dfadb645d7fa315786153e,
22,122,01a07db8-105a-7cd0-b88d-83b9488ce66f,Invent a literary novel title. Title only.,The Cartographer of Unfinished Rain,True,,0,2026-09-07T21:13:29.079314+00:00,2026-09-07T21:13:33.435031+00:00,1782,11,81c5d76dd1ffe139de2ad8c2bbdac89c5e83259b16dcd1a5dbdb9875f4989b3d,
23,123,01a07db8-262f-7d81-b0c5-d223ff1d4018,Invent a literary novel title. Title only.,The Cartographer of Vanishing Hours,True,,0,2026-09-07T21:13:34.536349+00:00,2026-09-07T21:13:39.108795+00:00,1782,11,517876a50414e510b220a5c6e7d7166d205af95536a926406ebfe7dd0c98af44,
24,124,01a07db8-3cc6-7e92-a8ef-530b54a8c2aa,Invent a literary novel title. Title only.,The Cartographer of Unfinished Dreams,True,,0,2026-09-07T21:13:40.210314+00:00,2026-09-07T21:13:45.317484+00:00,1782,11,25d11fa8a9444b9bad3ca7c55977360804df4219e5ec5a4370e2c4b8daaad5fd,
25,125,01a07db8-54d4-7e83-9be6-8e62b191aecb,Invent a literary novel title. Title only.,The Cartographer of Unfinished Rain,True,,0,2026-09-07T21:13:46.418315+00:00,2026-09-07T21:13:52.041216+00:00,1782,11,79d41d0a23a3b08cb1538830a13070d73890fc6fbe031bdbd413a1ce9e786c2e,
26,126,01a07db8-6e65-72d0-a279-3654fc5e3c41,Invent a literary novel title. Title only.,The Cartographer of Unquiet Hours,True,,0,2026-09-07T21:13:53.142764+00:00,2026-09-07T21:13:58.484492+00:00,1782,11,b8b23897db2d2918a6b87383027b3ca8c813b8a449dbe8ea421d641fef5c1412,
27,127,01a07db8-8740-7843-996f-65a3c60b0e70,Invent a literary novel title. Title only.,The Cartographer of Vanishing Hours,True,,0,2026-09-07T21:13:59.586067+00:00,2026-09-07T21:14:04.291465+00:00,1782,11,90e2a2cf61981b9260a1de229fb7b9b84a3721e0e4d8fa64f60939240c3ef704,
28,128,01a07db8-9e59-7610-a60b-f1235a38b728,Invent a literary novel title. Title only.,The Cartography of Vanishing Light,True,,0,2026-09-07T21:14:05.393056+00:00,2026-09-07T21:14:10.015671+00:00,1782,11,85d0330e917b09bd3d7f9252e07a15870571bfd2f709afc818482722218ce4ed,
29,129,01a07db8-b557-7420-94a1-191441507a5e,Invent a literary novel title. Title only.,The Cartography of Unsaid Things,True,,0,2026-09-07T21:14:11.116390+00:00,2026-09-07T21:14:15.791112+00:00,1782,11,9ed0009742da95b870f9a8f73c5373976ad20973de25aff6bc85345317a038a3,
30,130,01a07db8-cafb-7a52-9813-c86a267d4568,Invent a literary novel title. Title only.,The Cartography of Forgotten Rain,True,,0,2026-09-07T21:14:16.892666+00:00,2026-09-07T21:14:21.175469+00:00,1782,10,0c14e987e7adf2e3dfb18d149e55fb629df78a7829f5e4966bc2911685205024,
31,131,01a07db8-dfcb-7f22-bda5-1e0d59ce6f1b,Invent a literary novel title. Title only.,The Cartographer of Unsaid Things,True,,0,2026-09-07T21:14:22.277030+00:00,2026-09-07T21:14:26.736987+00:00,1782,11,6f8cb978635ab4f90e303aa86d8d91bd34bcbe6efdfd1ad1f7322d98ad884657,
32,132,01a07db8-f5b7-75d0-afc2-5875313cfa57,Invent a literary novel title. Title only.,The Cartography of Vanishing Hours,True,,0,2026-09-07T21:14:27.838578+00:00,2026-09-07T21:14:32.520588+00:00,1782,11,081bf070ebabcbb103dda6dabb3112810be10e6385474c79f20595fddece728f,
33,133,01a07db9-0cfe-7653-8e78-6f0da737f9c7,Invent a literary novel title. Title only.,The Cartography of Unsaid Things,True,,0,2026-09-07T21:14:33.622231+00:00,2026-09-07T21:14:38.380820+00:00,1782,11,3723681a74b3f1244ab2ea565dbffca4ef633722667557f1bc86d923db3004d1,
34,134,01a07db9-2339-7031-85c8-7914c440877f,Invent a literary novel title. Title only.,The Cartographer of Vanishing Roads,True,,0,2026-09-07T21:14:39.482370+00:00,2026-09-07T21:14:43.746475+00:00,1782,11,2124a888c806458fb6854d41f41c8de6a0b8e5ca30992d7f765f8791f8f1fb69,
35,135,01a07db9-38a0-7a22-be07-2db8c1776e84,Invent a literary novel title. Title only.,The Cartographer of Vanishing Hours,True,,0,2026-09-07T21:14:44.847521+00:00,2026-09-07T21:14:49.732812+00:00,1782,11,57b26f20bf1df53398781d574803805aefe21385e66dcdfd3bec1284aa43334e,
36,136,01a07db9-5003-7322-86c1-a62034fd50a6,Invent a literary novel title. Title only.,The Cartographer of Vanishing Roads,True,,0,2026-09-07T21:14:50.834372+00:00,2026-09-07T21:14:56.009931+00:00,1782,11,c1cc77c5a89cafa83ea60c02808a6b5a0fa4bc808c403cf81ef5eabaa705a651,
37,137,01a07db9-690e-7303-99bb-715ef7e901a0,Invent a literary novel title. Title only.,The Cartographer of Vanishing Hours,True,,0,2026-09-07T21:14:57.111486+00:00,2026-09-07T21:15:01.809202+00:00,1782,11,c8f3352d8a21ec1e2ab4899a266e5a83282d6d7c37c9b017ef900fe6d9c458e7,
38,138,01a07db9-7eb2-7c21-8690-e37089d3fe09,Invent a literary novel title. Title only.,The Cartographer of Vanishing Roads,True,,0,2026-09-07T21:15:02.910770+00:00,2026-09-07T21:15:07.127788+00:00,1782,11,82ff5f360f5f8ec2c0ae1af0588a6b5f29e0ad39fa7ac075bbecce44054704a1,
39,139,01a07db9-939c-7fe0-b946-9fff01c33d81,Invent a literary novel title. Title only.,The Cartographer of Vanishing Roads,True,,0,2026-09-07T21:15:08.229339+00:00,2026-09-07T21:15:12.565791+00:00,1782,11,ae428c6b62925cdc9ef308cab2d969bb007d042135b6054dc1fa9513bc37f946,
40,140,01a07db9-a8e7-78c0-9c08-3a5552a1e09a,Invent a literary novel title. Title only.,The Cartographer of Lost Hours,True,,0,2026-09-07T21:15:13.667323+00:00,2026-09-07T21:15:19.011871+00:00,1782,10,19f4434d51040a20a92ae2558f003770d64e21f013fe600680bcababa0795dd9,
41,141,01a07db9-c2da-73a0-a941-23b521dd2ccf,Invent a literary novel title. Title only.,The Cartographer of Vanishing Hours,True,,0,2026-09-07T21:15:20.113429+00:00,2026-09-07T21:15:25.683335+00:00,1782,11,2ca1510821388fedfdebf094ee60ce8635e52f7533db806fd5b396e747adbd3e,
42,142,01a07db9-dc18-7922-9eef-8fdb1fe798b7,Invent a literary novel title. Title only.,The Cartographer of Unfinished Goodbyes,True,,0,2026-09-07T21:15:26.784884+00:00,2026-09-07T21:15:31.558840+00:00,1782,13,2f17cf79086ebb318d768236277104cf1616413855d12a1ba9c56e13a055140c,
43,143,01a07db9-f2ea-77c2-a288-8bbab7fc4ddb,Invent a literary novel title. Title only.,The Cartographer of Vanishing Roads,True,,0,2026-09-07T21:15:32.660370+00:00,2026-09-07T21:15:36.834961+00:00,1782,11,9fe1c3d5fa4199894c3f4ace3818478ba923127b217a14aa9ac39ac8241eb4c0,
44,144,01a07dba-07db-74f2-83f2-cf79254a8b2c,Invent a literary novel title. Title only.,The Cartographer of Unsaid Things,True,,0,2026-09-07T21:15:37.936305+00:00,2026-09-07T21:15:42.020788+00:00,1782,11,e3b20e0bb4974e16855af0ac94709a3f8851f62eeb032278e01d3eed1ce6df58,
45,145,01a07dba-1b71-77e3-a402-480c60b5891d,Invent a literary novel title. Title only.,The Cartographer of Unfinished Rain,True,,0,2026-09-07T21:15:43.122328+00:00,2026-09-07T21:15:47.371408+00:00,1782,11,aca83c36476668741086e0824c64948630baf3a045c74e4a8d3c9b48d6b5b3e5,
46,146,01a07dba-30cc-77d2-be89-cc293a4fe5fb,Invent a literary novel title. Title only.,The Cartography of Unsaid Things,True,,0,2026-09-07T21:15:48.472333+00:00,2026-09-07T21:15:56.318994+00:00,1782,11,adc26a7250ab7ff983f4ac81563df3be47b2e381b285a0e9f19dcd9b06edc8f7,
47,147,01a07dba-560b-7cf1-b6a2-98b293570979,Invent a literary novel title. Title only.,The Cartographer of Forgotten Rain,True,,0,2026-09-07T21:15:57.419736+00:00,2026-09-07T21:16:04.185700+00:00,1782,10,613fe5be81629a686f03dbc4479dc2afd68579cfa03316f320845c6b9e52c2ed,
48,148,01a07dba-7543-73a2-b992-d195910d341f,Invent a literary novel title. Title only.,The Cartographer of Vanishing Hours,True,,0,2026-09-07T21:16:05.286361+00:00,2026-09-07T21:16:12.666868+00:00,1782,11,b386e835d7b2afde84a99a465b4005b01169395cfe272fecec545c2bc3dae1b1,
49,149,01a07dba-97b8-7021-b5e7-b20920750ffa,Invent a literary novel title. Title only.,The Cartographer of Vanishing Roads,True,,0,2026-09-07T21:16:13.768433+00:00,2026-09-07T21:16:21.838769+00:00,1782,11,20cedae940f30d230b16505a92c6a9a638fb1ec7ecc2a898df8fafa2558bacde,
50,150,01a07dba-bd47-72e0-9431-7d113a41c0e1,Invent a literary novel title. Title only.,The Cartographer of Vanishing Roads,True,,0,2026-09-07T21:16:22.940466+00:00,2026-09-07T21:16:31.185203+00:00,1782,11,20cf8882ff3f37a092b2ffa58077f87f86756766141d2403181cd0753b5605df,
51,151,01a07dba-e390-7f31-8e2a-89be6846d44d,Invent a literary novel title. Title only.,The Cartographer of Lost Mornings,True,,0,2026-09-07T21:16:32.286756+00:00,2026-09-07T21:16:39.198837+00:00,1782,12,6a8a50b603fb307e815a8cafa8625258f1ddf0b34ff36973574d697ad16ac211,
52,152,01a07dba-fb8b-7bf3-9914-46cec9873106,Invent a literary novel title. Title only.,The Cartographer of Vanishing Hours,True,,0,2026-09-07T21:16:40.300309+00:00,2026-09-07T21:16:47.138352+00:00,1782,11,32949d45b128a230b15c2eefb3737ebb0888e8d5c47d246520b844a69ee1d499,
53,153,01a07dbb-1fcb-7ff0-b14a-679ab5e32e70,Invent a literary novel title. Title only.,The Cartography of Vanishing Hours,True,,0,2026-09-07T21:16:48.239882+00:00,2026-09-07T21:17:18.942200+00:00,1782,11,6a4ed106b6793782b6026e5305c6550201f760ffc1070f2fa012626a97ac9fd7,
54,,01a07dbb-a83a-7d90-b078-728972d2a1e7,Invent a literary novel title. Title only.,The Cartographer of Forgotten Rain,False,Unexpected stderr,0,2026-09-07T21:17:20.043309+00:00,2026-09-07T21:17:37.487865+00:00,1782,10,22cc6c889937539b6ac59ffc90c1a13f5ed8f63c4e194e303da343bde1b94932,2026-09-07T21:17:25.428608Z ERROR codex_models_manager::manager: failed to refresh available models: timeout waiting for child process to exit | 2026-09-07T21:17:25.433839Z ERROR codex_models_manager::manager: failed to refresh available models: timeout waiting for child process to exit
