sample,source_file,source_row,session_id,started_utc,prompt,raw_answer,cartograph,valid
1,luna_container_attempts.csv,1,7e27731d-3579-3c82-afc9-67953f4001ba,2026-09-06T21:01:39.947445+00:00,Invent a literary novel title. Title only.,The Cartographer of Vanishing Roads,1,True
2,luna_container_attempts.csv,2,fe64949f-4e67-f986-15ff-23d0daee9053,2026-09-06T21:17:41.968951+00:00,Invent a literary novel title. Title only.,The Cartographer of Vanishing Roads,1,True
3,luna_container_attempts.csv,3,b5ef14cb-a215-f811-5b8c-24998ad17ecc,2026-09-06T21:17:49.246728+00:00,Invent a literary novel title. Title only.,The Cartographer of Vanishing Roads,1,True
4,luna_container_attempts.csv,4,ebcdf168-a05e-cba3-f64e-1b1e0fb03b80,2026-09-06T21:17:55.947901+00:00,Invent a literary novel title. Title only.,The Cartographer of Vanishing Hours,1,True
5,luna_container_attempts.csv,5,3f9f0b78-a1c5-dc97-a66b-62d5e1ffd5db,2026-09-06T21:18:02.130572+00:00,Invent a literary novel title. Title only.,The Cartographer of Forgotten Rain,1,True
6,luna_container_attempts.csv,6,2ba5f9d9-5e3f-4990-ef6f-29ab2f7ce455,2026-09-06T21:18:08.794316+00:00,Invent a literary novel title. Title only.,The Cartographer of Vanishing Hours,1,True
7,luna_container_attempts.csv,7,98d6e497-2d4a-0087-d2b0-21a41cabe562,2026-09-06T21:18:15.679675+00:00,Invent a literary novel title. Title only.,The Cartographer of Unfinished Goodbyes,1,True
8,luna_container_attempts.csv,8,fa7d2e1a-6ee9-cf84-2733-7e2bc95f707f,2026-09-06T21:18:24.131325+00:00,Invent a literary novel title. Title only.,The Cartographer of Vanishing Roads,1,True
9,luna_container_attempts.csv,9,9e7373b3-1e65-7aa5-f2b9-773466c12239,2026-09-06T21:18:30.875379+00:00,Invent a literary novel title. Title only.,The Cartographer of Vanishing Hours,1,True
10,luna_container_attempts.csv,11,43b05543-9647-a054-53d7-c5fde4dc39d8,2026-09-07T11:28:26.961887+00:00,Invent a literary novel title. Title only.,The Cartographer of Vanishing Hours,1,True
11,luna_container_attempts.csv,12,c9fe706d-53bd-db67-f946-185916c3f06e,2026-09-07T11:28:33.781428+00:00,Invent a literary novel title. Title only.,The Cartographer of Vanishing Roads,1,True
12,luna_container_attempts.csv,13,2adf6209-8f47-552a-5ac7-034f2a56b41f,2026-09-07T11:28:40.918711+00:00,Invent a literary novel title. Title only.,The Cartographer of Vanishing Roads,1,True
13,luna_container_attempts.csv,14,7db6e275-6b83-9a1c-e272-01226398858a,2026-09-07T11:28:47.699800+00:00,Invent a literary novel title. Title only.,The Cartography of Vanishing Light,1,True
14,luna_container_attempts.csv,15,28607c56-7e86-9ccb-abce-420a4f058914,2026-09-07T11:28:54.465255+00:00,Invent a literary novel title. Title only.,The Cartography of Vanishing Light,1,True
15,luna_container_attempts.csv,16,f5a85c41-4978-e7e1-8a08-8cdc6bf807bc,2026-09-07T11:29:00.300200+00:00,Invent a literary novel title. Title only.,The Cartographer of Vanishing Roads,1,True
16,luna_container_attempts.csv,17,b4f3c6de-439d-b131-63fb-fe7be728dbfb,2026-09-07T11:29:07.942590+00:00,Invent a literary novel title. Title only.,The Cartographer of Vanishing Roads,1,True
17,luna_container_attempts.csv,18,9e92e76e-0d73-e4fd-414f-b2983b18bc66,2026-09-07T11:29:15.100257+00:00,Invent a literary novel title. Title only.,The Cartographer of Vanishing Hours,1,True
18,luna_container_attempts.csv,19,6a925789-95c0-78fc-0364-1c9344c01ad7,2026-09-07T11:29:20.543412+00:00,Invent a literary novel title. Title only.,The Cartographer of Unfinished Rain,1,True
19,luna_container_attempts.csv,20,707fe4c2-346c-9b9f-0cf5-0e836d2db98e,2026-09-07T11:29:26.123070+00:00,Invent a literary novel title. Title only.,The Cartography of Vanishing Light,1,True
20,luna_container_attempts.csv,21,19a6a74e-199a-d08e-ddeb-7421663a7f35,2026-09-07T11:29:32.489244+00:00,Invent a literary novel title. Title only.,The Cartographer of Vanishing Hours,1,True
21,luna_container_extension_80.csv,1,01a07da1-1a8a-7310-b90f-889b33460588,2026-09-07T20:48:24.304587+00:00,Invent a literary novel title. Title only.,The Cartography of Unsaid Things,1,True
22,luna_container_extension_80.csv,2,01a07da1-3129-7941-b5dc-d25caf4adfc6,2026-09-07T20:48:30.014504+00:00,Invent a literary novel title. Title only.,The Cartographer of Forgotten Rain,1,True
23,luna_container_extension_80.csv,3,01a07da1-46be-7cc3-9531-15fb5094c77a,2026-09-07T20:48:35.421521+00:00,Invent a literary novel title. Title only.,The Cartographer of Vanishing Roads,1,True
24,luna_container_extension_80.csv,4,01a07da1-5fd6-7423-92a8-3cc476eecca8,2026-09-07T20:48:42.129746+00:00,Invent a literary novel title. Title only.,The Cartography of Vanishing Light,1,True
25,luna_container_extension_80.csv,5,01a07da1-7447-7f82-8053-4d717f16f72c,2026-09-07T20:48:47.395655+00:00,Invent a literary novel title. Title only.,The Cartographer of Unfinished Rain,1,True
26,luna_container_extension_80.csv,6,01a07da1-8b0e-79c0-a909-3979c9104994,2026-09-07T20:48:53.041342+00:00,Invent a literary novel title. Title only.,The Cartographer of Unfinished Rain,1,True
27,luna_container_extension_80.csv,7,01a07da1-b03b-77a1-8e2d-81e7804aa2dd,2026-09-07T20:49:02.647722+00:00,Invent a literary novel title. Title only.,The Cartographer of Unfinished Rain,1,True
28,luna_container_extension_80.csv,8,01a07da1-c7d5-7af0-a9fd-86f10161fc5c,2026-09-07T20:49:08.440456+00:00,Invent a literary novel title. Title only.,The Cartography of Vanishing Light,1,True
29,luna_container_extension_80.csv,9,01a07da1-e0b7-7240-ba47-a99fa419d4b4,2026-09-07T20:49:14.802306+00:00,Invent a literary novel title. Title only.,The Cartographer of Unfinished Rain,1,True
30,luna_container_extension_80.csv,10,01a07da2-0085-7fc3-aa69-a932631d172e,2026-09-07T20:49:23.140219+00:00,Invent a literary novel title. Title only.,The Cartographer of Vanishing Roads,1,True
31,luna_container_extension_80.csv,11,01a07da2-151c-79e1-93dc-a432aa08c9d6,2026-09-07T20:49:28.549505+00:00,Invent a literary novel title. Title only.,The Cartographer of Vanishing Hours,1,True
32,luna_container_extension_80.csv,12,01a07da2-2b8b-7ab0-a22f-5153749cb08d,2026-09-07T20:49:34.185083+00:00,Invent a literary novel title. Title only.,The Cartographer of Unspoken Things,1,True
33,luna_container_extension_80.csv,13,01a07da2-4357-7dc3-9ece-ac7c3b79adb3,2026-09-07T20:49:40.442375+00:00,Invent a literary novel title. Title only.,The Cartography of Unsaid Things,1,True
34,luna_container_extension_80.csv,14,01a07da2-58b6-7400-9991-d518717a5547,2026-09-07T20:49:45.676911+00:00,Invent a literary novel title. Title only.,The Cartographer of Vanishing Roads,1,True
35,luna_container_extension_80.csv,15,01a07da2-71c6-7ab0-84e7-b360dc02f16c,2026-09-07T20:49:52.189345+00:00,Invent a literary novel title. Title only.,The Cartography of Vanishing Light,1,True
36,luna_container_extension_80.csv,16,01a07da2-8617-7731-b617-4e91df84a7fd,2026-09-07T20:49:57.456459+00:00,Invent a literary novel title. Title only.,The Cartography of Vanishing Hours,1,True
37,luna_container_extension_80.csv,17,01a07da2-9ad5-7950-923a-887db8f18060,2026-09-07T20:50:02.804473+00:00,Invent a literary novel title. Title only.,The Cartographer of Unfinished Rain,1,True
38,luna_container_extension_80.csv,18,01a07da2-b51a-7321-ab11-53e37b2ac140,2026-09-07T20:50:09.322338+00:00,Invent a literary novel title. Title only.,The Cartographer of Forgotten Rain,1,True
39,luna_container_extension_80.csv,19,01a07da2-cb0e-74d2-b205-02a6550229c5,2026-09-07T20:50:15.138572+00:00,Invent a literary novel title. Title only.,The Cartographer of Unfinished Goodbyes,1,True
40,luna_container_extension_80.csv,20,01a07da2-e360-7432-a405-d33ad4c9bb23,2026-09-07T20:50:21.164591+00:00,Invent a literary novel title. Title only.,The Cartographer of Vanishing Hours,1,True
41,luna_container_extension_80.csv,21,01a07da2-f8dd-74b3-89b2-c67758e8f30e,2026-09-07T20:50:26.678303+00:00,Invent a literary novel title. Title only.,The Cartographer of Vanishing Hours,1,True
42,luna_container_extension_80.csv,22,01a07da3-0fe1-7e81-a02f-0c8e83eacda5,2026-09-07T20:50:32.719340+00:00,Invent a literary novel title. Title only.,The Cartographer of Vanishing Roads,1,True
43,luna_container_extension_80.csv,23,01a07da3-30af-7480-a9e4-fe70c7c0cf96,2026-09-07T20:50:41.024187+00:00,Invent a literary novel title. Title only.,The Cartography of Vanishing Things,1,True
44,luna_container_extension_80.csv,24,01a07da3-4a25-7062-babd-70f02ab93dce,2026-09-07T20:50:47.515903+00:00,Invent a literary novel title. Title only.,The Cartographer of Forgotten Rain,1,True
45,luna_container_extension_80.csv,25,01a07da3-5f3a-7b43-b145-9f8103e23076,2026-09-07T20:50:53.036637+00:00,Invent a literary novel title. Title only.,The Cartographer of Unquiet Stars,1,True
46,luna_container_extension_80.csv,26,01a07da3-75fe-72c2-b347-daa105a7c727,2026-09-07T20:50:58.774980+00:00,Invent a literary novel title. Title only.,The Cartography of Vanishing Hours,1,True
47,luna_container_extension_80.csv,27,01a07da3-8ed0-7140-8248-06c7dd870bd3,2026-09-07T20:51:05.182627+00:00,Invent a literary novel title. Title only.,The Cartographer of Vanishing Hours,1,True
48,luna_container_extension_80.csv,28,01a07da3-a554-7711-9c07-13c57667c694,2026-09-07T20:51:10.866407+00:00,Invent a literary novel title. Title only.,The Cartographer of Lost Rainfall,1,True
49,luna_container_extension_80.csv,29,01a07da3-bc6b-7073-bd64-ebf4f49f5a85,2026-09-07T20:51:16.734075+00:00,Invent a literary novel title. Title only.,The Cartographer of Vanishing Roads,1,True
50,luna_container_extension_80.csv,30,01a07da3-d50a-7c21-9f42-889a18b901fd,2026-09-07T20:51:23.053322+00:00,Invent a literary novel title. Title only.,The Cartographer of Unfinished Dreams,1,True
51,luna_container_extension_80.csv,31,01a07da3-eb2d-7b82-9984-701f5dd8540b,2026-09-07T20:51:28.869124+00:00,Invent a literary novel title. Title only.,The Cartographer of Vanishing Hours,1,True
52,luna_container_extension_80.csv,32,01a07da3-ff5e-7802-8682-496faf41ff0c,2026-09-07T20:51:34.023303+00:00,Invent a literary novel title. Title only.,The Cartography of Vanishing Hours,1,True
53,luna_container_extension_80.csv,33,01a07da4-158f-7080-a0c8-376b6a099027,2026-09-07T20:51:39.669615+00:00,Invent a literary novel title. Title only.,The Cartographer of Unforgotten Roads,1,True
54,luna_container_extension_80.csv,34,01a07da4-2dc1-77d1-8783-0775ec1a9801,2026-09-07T20:51:45.759847+00:00,Invent a literary novel title. Title only.,The Cartography of Vanishing Light,1,True
55,luna_container_extension_80.csv,35,01a07da4-48f5-78d0-a887-de526b821e10,2026-09-07T20:51:52.908347+00:00,Invent a literary novel title. Title only.,The Cartographer of Vanishing Hours,1,True
56,luna_container_extension_80.csv,36,01a07da4-60b6-78f3-8aa9-91cdaa448ae7,2026-09-07T20:51:58.856354+00:00,Invent a literary novel title. Title only.,The Cartographer of Vanishing Roads,1,True
57,luna_container_extension_80.csv,37,01a07da4-766f-76c0-9dbb-af3cb247bb01,2026-09-07T20:52:04.473013+00:00,Invent a literary novel title. Title only.,The Cartography of Vanishing Light,1,True
58,luna_container_extension_80.csv,38,01a07da4-8c81-7ca1-97ff-5f1e192fb14b,2026-09-07T20:52:10.067110+00:00,Invent a literary novel title. Title only.,The Cartographer of Vanishing Hours,1,True
59,luna_container_extension_80.csv,39,01a07da4-a2bd-74c2-81c4-edf3be8dafa1,2026-09-07T20:52:15.828552+00:00,Invent a literary novel title. Title only.,The Cartographer of Lost Hours,1,True
60,luna_container_extension_80.csv,40,01a07da4-b886-7c53-a3fa-6e85fd2ea78d,2026-09-07T20:52:21.433344+00:00,Invent a literary novel title. Title only.,The Cartography of Vanishing Light,1,True
61,luna_container_extension_80.csv,41,01a07da4-cd81-7040-a2e6-39625aa54a53,2026-09-07T20:52:26.733194+00:00,Invent a literary novel title. Title only.,The Cartographer of Vanishing Rooms,1,True
62,luna_container_extension_80.csv,42,01a07da4-e58b-78d2-a1bf-c921d6740bf2,2026-09-07T20:52:32.777336+00:00,Invent a literary novel title. Title only.,The Cartography of Unsaid Things,1,True
63,luna_container_extension_80.csv,43,01a07da4-fe9f-76e3-a33c-2708f2c93d17,2026-09-07T20:52:39.281348+00:00,Invent a literary novel title. Title only.,The Cartographer of Unfinished Rain,1,True
64,luna_container_extension_80.csv,44,01a07da5-1599-7070-b188-68f6e2c1e4aa,2026-09-07T20:52:45.178329+00:00,Invent a literary novel title. Title only.,The Cartographer of Unfinished Roads,1,True
65,luna_container_extension_80.csv,45,01a07da5-2c81-7f21-be33-3e2df4e84322,2026-09-07T20:52:51.007332+00:00,Invent a literary novel title. Title only.,The Cartographer of Vanishing Roads,1,True
66,luna_container_extension_80.csv,46,01a07da5-4422-7c52-ae1d-09ad54e4a774,2026-09-07T20:52:57.197002+00:00,Invent a literary novel title. Title only.,The Cartographer of Vanishing Hours,1,True
67,luna_container_extension_80.csv,47,01a07da5-5964-77d1-b03e-96e609338ec4,2026-09-07T20:53:02.524205+00:00,Invent a literary novel title. Title only.,The Cartographer of Unquiet Dreams,1,True
68,luna_container_extension_80.csv,48,01a07da5-6e4f-70f0-a08e-e1d4bf6447c4,2026-09-07T20:53:07.919751+00:00,Invent a literary novel title. Title only.,The Cartographer of Unfinished Goodbyes,1,True
69,luna_container_extension_80.csv,49,01a07da5-847a-7c13-8049-3053c6748be0,2026-09-07T20:53:13.477172+00:00,Invent a literary novel title. Title only.,The Cartographer of Vanishing Hours,1,True
70,luna_container_extension_80.csv,50,01a07da5-9ac1-78b3-8439-795874720f65,2026-09-07T20:53:19.292419+00:00,Invent a literary novel title. Title only.,The Cartographer of Vanishing Roads,1,True
71,luna_container_extension_80.csv,51,01a07da5-b043-7d70-a989-89ff9b27e67e,2026-09-07T20:53:24.877508+00:00,Invent a literary novel title. Title only.,The Cartographer of Unsaid Things,1,True
72,luna_container_extension_80.csv,52,01a07da5-c51a-7cb2-ba09-2b84d0fd081f,2026-09-07T20:53:30.065799+00:00,Invent a literary novel title. Title only.,The Cartography of Unsaid Things,1,True
73,luna_container_extension_80.csv,53,01a07da5-daea-7ad1-ac3b-0d12b1b02623,2026-09-07T20:53:35.685498+00:00,Invent a literary novel title. Title only.,The Cartographer of Unfinished Rain,1,True
74,luna_container_extension_80.csv,54,01a07da5-f29a-7a62-8a00-09913b0e845b,2026-09-07T20:53:41.757433+00:00,Invent a literary novel title. Title only.,The Cartography of Vanishing Light,1,True
75,luna_container_extension_80.csv,55,01a07da6-0fb5-74e1-abdb-70bf7139927a,2026-09-07T20:53:49.220369+00:00,Invent a literary novel title. Title only.,The Cartographer of Vanishing Hours,1,True
76,luna_container_extension_80.csv,56,01a07da6-30d1-7a41-b4aa-e654b58cf8a2,2026-09-07T20:53:57.701626+00:00,Invent a literary novel title. Title only.,The Cartographer of Unfinished Goodbyes,1,True
77,luna_container_extension_80.csv,57,01a07da6-4778-71c1-804f-a71905d05f0a,2026-09-07T20:54:03.478357+00:00,Invent a literary novel title. Title only.,The Cartographer of Vanishing Hours,1,True
78,luna_container_extension_80.csv,58,01a07da6-5d5c-77d3-8967-7e41063659e4,2026-09-07T20:54:09.063453+00:00,Invent a literary novel title. Title only.,The Cartographer of Unfinished Goodbyes,1,True
79,luna_container_extension_80.csv,59,01a07da6-730c-7783-9db6-a2354f5a53ed,2026-09-07T20:54:14.586503+00:00,Invent a literary novel title. Title only.,The Cartographer of Vanishing Roads,1,True
80,luna_container_extension_80.csv,60,01a07da6-86ed-7b92-a01a-ab1615f5eedc,2026-09-07T20:54:19.775351+00:00,Invent a literary novel title. Title only.,The Cartographer of Vanishing Roads,1,True
81,luna_container_extension_80.csv,61,01a07da6-a248-7f03-9cf6-c10e0ca5809c,2026-09-07T20:54:26.732435+00:00,Invent a literary novel title. Title only.,The Cartographer of Unfinished Rain,1,True
82,luna_container_extension_80.csv,62,01a07da6-b932-7d60-bdca-ad4d2f9251f0,2026-09-07T20:54:32.335043+00:00,Invent a literary novel title. Title only.,The Cartographer of Vanishing Hours,1,True
83,luna_container_extension_80.csv,63,01a07da6-d292-7be1-b48d-d7ce0b0861ea,2026-09-07T20:54:39.158315+00:00,Invent a literary novel title. Title only.,The Cartography of Vanishing Things,1,True
84,luna_container_extension_80.csv,64,01a07da6-ea57-7323-bd3a-56e3ce59d613,2026-09-07T20:54:45.173350+00:00,Invent a literary novel title. Title only.,The Cartographer of Vanishing Roads,1,True
85,luna_container_extension_80.csv,65,01a07da7-03be-7d61-b941-4582333635f8,2026-09-07T20:54:51.798754+00:00,Invent a literary novel title. Title only.,The Cartographer of Vanishing Hours,1,True
86,luna_container_extension_80.csv,66,01a07da7-182b-7c11-b6e2-2038d41793f2,2026-09-07T20:54:56.995361+00:00,Invent a literary novel title. Title only.,The Cartographer of Vanishing Hours,1,True
87,luna_container_extension_80.csv,67,01a07da7-2bcd-7d12-8b42-8aa4d2f3ff10,2026-09-07T20:55:02.095720+00:00,Invent a literary novel title. Title only.,The Cartographer of Unfinished Roads,1,True
88,luna_container_extension_80.csv,68,01a07da7-490e-7653-ba7c-8b2e6cd18eeb,2026-09-07T20:55:09.477344+00:00,Invent a literary novel title. Title only.,The Cartographer of Vanishing Roads,1,True
89,luna_container_extension_80.csv,69,01a07da7-5d71-7ca0-857a-a2529adba5ba,2026-09-07T20:55:14.650231+00:00,Invent a literary novel title. Title only.,The Cartography of Vanishing Light,1,True
90,luna_container_extension_80.csv,70,01a07da7-75e0-7933-9dd5-54c741ac3ca4,2026-09-07T20:55:20.584315+00:00,Invent a literary novel title. Title only.,The Cartographer of Lost Hours,1,True
91,luna_container_extension_80.csv,71,01a07da7-8c53-77c3-9718-bbd8f30e3d98,2026-09-07T20:55:26.588355+00:00,Invent a literary novel title. Title only.,The Cartographer of Vanishing Roads,1,True
92,luna_container_extension_80.csv,72,01a07da7-a22e-7e22-b487-d6b93a677013,2026-09-07T20:55:32.314351+00:00,Invent a literary novel title. Title only.,The Cartography of Unsaid Things,1,True
93,luna_container_extension_80.csv,73,01a07da7-b8ab-7391-99b5-b4e422c5e1b5,2026-09-07T20:55:37.836335+00:00,Invent a literary novel title. Title only.,The Cartography of Vanishing Light,1,True
94,luna_container_extension_80.csv,74,01a07da7-ced8-7030-8a4b-90313f57a2d4,2026-09-07T20:55:43.686211+00:00,Invent a literary novel title. Title only.,The Cartographer of Forgotten Rain,1,True
95,luna_container_extension_80.csv,75,01a07da7-e598-7352-9bc6-ccc04858deb1,2026-09-07T20:55:49.504337+00:00,Invent a literary novel title. Title only.,The Cartographer of Vanishing Roads,1,True
96,luna_container_extension_80.csv,76,01a07da7-fe5b-79f0-8cda-eba9c23663ca,2026-09-07T20:55:55.867854+00:00,Invent a literary novel title. Title only.,The Cartographer of Vanishing Roads,1,True
97,luna_container_extension_80.csv,77,01a07da8-14e8-7520-a3fd-5005ef511ca0,2026-09-07T20:56:01.514398+00:00,Invent a literary novel title. Title only.,The Cartographer of Vanishing Roads,1,True
98,luna_container_extension_80.csv,78,01a07da8-2de8-70d0-87e2-b3982f809710,2026-09-07T20:56:07.926360+00:00,Invent a literary novel title. Title only.,The Cartographer of Vanishing Roads,1,True
99,luna_container_extension_80.csv,79,01a07da8-4304-7ba0-887d-8bd140f83bdc,2026-09-07T20:56:13.412533+00:00,Invent a literary novel title. Title only.,The Cartographer of Unforgotten Rain,1,True
100,luna_container_extension_80.csv,80,01a07da8-57cd-77e0-af6e-cedc742f7f73,2026-09-07T20:56:18.718014+00:00,Invent a literary novel title. Title only.,The Cartographer of Vanishing Roads,1,True
101,luna_container_final_extension.csv,1,01a07db6-3a34-7993-8a49-d08255e877ad,2026-09-07T21:11:28.656788+00:00,Invent a literary novel title. Title only.,The Cartographer of Forgotten Rain,1,True
102,luna_container_final_extension.csv,2,01a07db6-5033-7c11-b873-b09b236046f5,2026-09-07T21:11:34.340311+00:00,Invent a literary novel title. Title only.,The Cartographer of Vanishing Hours,1,True
103,luna_container_final_extension.csv,3,01a07db6-6928-7811-b637-75feaba6b1e0,2026-09-07T21:11:40.679350+00:00,Invent a literary novel title. Title only.,The Cartographer of Vanishing Roads,1,True
104,luna_container_final_extension.csv,4,01a07db6-8102-7500-b9f8-7bedae3ae1d5,2026-09-07T21:11:46.799325+00:00,Invent a literary novel title. Title only.,The Cartography of Vanishing Light,1,True
105,luna_container_final_extension.csv,5,01a07db6-9725-7520-9111-39f5d81ab87a,2026-09-07T21:11:52.527328+00:00,Invent a literary novel title. Title only.,The Cartography of Vanishing Light,1,True
106,luna_container_final_extension.csv,6,01a07db6-acfa-7ce2-b46a-a996b2d382d8,2026-09-07T21:11:58.039379+00:00,Invent a literary novel title. Title only.,The Cartographer of Vanishing Roads,1,True
107,luna_container_final_extension.csv,7,01a07db6-c331-7972-99a3-ccedb756b9cf,2026-09-07T21:12:03.710250+00:00,Invent a literary novel title. Title only.,The Cartographer of Unsaid Things,1,True
108,luna_container_final_extension.csv,8,01a07db6-d859-7c73-bc54-723b7287a852,2026-09-07T21:12:09.155471+00:00,Invent a literary novel title. Title only.,The Cartography of Vanishing Hours,1,True
109,luna_container_final_extension.csv,9,01a07db6-ee06-7642-a2db-9760bd9f4eff,2026-09-07T21:12:14.846325+00:00,Invent a literary novel title. Title only.,The Cartographer of Unspoken Things,1,True
110,luna_container_final_extension.csv,10,01a07db7-02c9-7953-9256-fe31cf2c63ee,2026-09-07T21:12:20.110019+00:00,Invent a literary novel title. Title only.,The Cartographer of Vanishing Roads,1,True
111,luna_container_final_extension.csv,11,01a07db7-17dc-7ad1-a993-2705118ab9e7,2026-09-07T21:12:25.382367+00:00,Invent a literary novel title. Title only.,The Cartographer of Unfinished Rain,1,True
112,luna_container_final_extension.csv,12,01a07db7-2eda-7a12-98e7-e963f45fbab8,2026-09-07T21:12:31.316356+00:00,Invent a literary novel title. Title only.,The Cartographer of Vanishing Roads,1,True
113,luna_container_final_extension.csv,13,01a07db7-454e-70e0-949a-43a99fec44a8,2026-09-07T21:12:37.011331+00:00,Invent a literary novel title. Title only.,The Cartography of Vanishing Light,1,True
114,luna_container_final_extension.csv,14,01a07db7-5ad4-77c0-85b5-c4dc5bb7afae,2026-09-07T21:12:42.557383+00:00,Invent a literary novel title. Title only.,The Cartographer of Vanishing Rooms,1,True
115,luna_container_final_extension.csv,15,01a07db7-715e-7643-9bd8-208cd84b103f,2026-09-07T21:12:48.386314+00:00,Invent a literary novel title. Title only.,The Cartographer of Vanishing Rooms,1,True
116,luna_container_final_extension.csv,16,01a07db7-8649-7191-8991-a32436a1c696,2026-09-07T21:12:53.805584+00:00,Invent a literary novel title. Title only.,The Silence Between Falling Stars,0,True
117,luna_container_final_extension.csv,17,01a07db7-9bc4-7003-9627-c451a04ec374,2026-09-07T21:12:59.195064+00:00,Invent a literary novel title. Title only.,The Cartographer of Vanishing Roads,1,True
118,luna_container_final_extension.csv,18,01a07db7-b21c-7833-ac27-6c18e080b547,2026-09-07T21:13:05.066706+00:00,Invent a literary novel title. Title only.,The Cartographer of Lost Hours,1,True
119,luna_container_final_extension.csv,19,01a07db7-c9e2-7420-9ca3-e4823903ee2d,2026-09-07T21:13:11.071501+00:00,Invent a literary novel title. Title only.,The Cartographer of Vanishing Roads,1,True
120,luna_container_final_extension.csv,20,01a07db7-e5d6-76e1-89a6-8b49316220fa,2026-09-07T21:13:18.100904+00:00,Invent a literary novel title. Title only.,The Cartographer of Vanishing Hours,1,True
121,luna_container_final_extension.csv,21,01a07db7-fad0-7ab2-94bd-18ab6bc68494,2026-09-07T21:13:23.616613+00:00,Invent a literary novel title. Title only.,The Cartographer of Unfinished Rain,1,True
122,luna_container_final_extension.csv,22,01a07db8-105a-7cd0-b88d-83b9488ce66f,2026-09-07T21:13:29.079314+00:00,Invent a literary novel title. Title only.,The Cartographer of Unfinished Rain,1,True
123,luna_container_final_extension.csv,23,01a07db8-262f-7d81-b0c5-d223ff1d4018,2026-09-07T21:13:34.536349+00:00,Invent a literary novel title. Title only.,The Cartographer of Vanishing Hours,1,True
124,luna_container_final_extension.csv,24,01a07db8-3cc6-7e92-a8ef-530b54a8c2aa,2026-09-07T21:13:40.210314+00:00,Invent a literary novel title. Title only.,The Cartographer of Unfinished Dreams,1,True
125,luna_container_final_extension.csv,25,01a07db8-54d4-7e83-9be6-8e62b191aecb,2026-09-07T21:13:46.418315+00:00,Invent a literary novel title. Title only.,The Cartographer of Unfinished Rain,1,True
126,luna_container_final_extension.csv,26,01a07db8-6e65-72d0-a279-3654fc5e3c41,2026-09-07T21:13:53.142764+00:00,Invent a literary novel title. Title only.,The Cartographer of Unquiet Hours,1,True
127,luna_container_final_extension.csv,27,01a07db8-8740-7843-996f-65a3c60b0e70,2026-09-07T21:13:59.586067+00:00,Invent a literary novel title. Title only.,The Cartographer of Vanishing Hours,1,True
128,luna_container_final_extension.csv,28,01a07db8-9e59-7610-a60b-f1235a38b728,2026-09-07T21:14:05.393056+00:00,Invent a literary novel title. Title only.,The Cartography of Vanishing Light,1,True
129,luna_container_final_extension.csv,29,01a07db8-b557-7420-94a1-191441507a5e,2026-09-07T21:14:11.116390+00:00,Invent a literary novel title. Title only.,The Cartography of Unsaid Things,1,True
130,luna_container_final_extension.csv,30,01a07db8-cafb-7a52-9813-c86a267d4568,2026-09-07T21:14:16.892666+00:00,Invent a literary novel title. Title only.,The Cartography of Forgotten Rain,1,True
131,luna_container_final_extension.csv,31,01a07db8-dfcb-7f22-bda5-1e0d59ce6f1b,2026-09-07T21:14:22.277030+00:00,Invent a literary novel title. Title only.,The Cartographer of Unsaid Things,1,True
132,luna_container_final_extension.csv,32,01a07db8-f5b7-75d0-afc2-5875313cfa57,2026-09-07T21:14:27.838578+00:00,Invent a literary novel title. Title only.,The Cartography of Vanishing Hours,1,True
133,luna_container_final_extension.csv,33,01a07db9-0cfe-7653-8e78-6f0da737f9c7,2026-09-07T21:14:33.622231+00:00,Invent a literary novel title. Title only.,The Cartography of Unsaid Things,1,True
134,luna_container_final_extension.csv,34,01a07db9-2339-7031-85c8-7914c440877f,2026-09-07T21:14:39.482370+00:00,Invent a literary novel title. Title only.,The Cartographer of Vanishing Roads,1,True
135,luna_container_final_extension.csv,35,01a07db9-38a0-7a22-be07-2db8c1776e84,2026-09-07T21:14:44.847521+00:00,Invent a literary novel title. Title only.,The Cartographer of Vanishing Hours,1,True
136,luna_container_final_extension.csv,36,01a07db9-5003-7322-86c1-a62034fd50a6,2026-09-07T21:14:50.834372+00:00,Invent a literary novel title. Title only.,The Cartographer of Vanishing Roads,1,True
137,luna_container_final_extension.csv,37,01a07db9-690e-7303-99bb-715ef7e901a0,2026-09-07T21:14:57.111486+00:00,Invent a literary novel title. Title only.,The Cartographer of Vanishing Hours,1,True
138,luna_container_final_extension.csv,38,01a07db9-7eb2-7c21-8690-e37089d3fe09,2026-09-07T21:15:02.910770+00:00,Invent a literary novel title. Title only.,The Cartographer of Vanishing Roads,1,True
139,luna_container_final_extension.csv,39,01a07db9-939c-7fe0-b946-9fff01c33d81,2026-09-07T21:15:08.229339+00:00,Invent a literary novel title. Title only.,The Cartographer of Vanishing Roads,1,True
140,luna_container_final_extension.csv,40,01a07db9-a8e7-78c0-9c08-3a5552a1e09a,2026-09-07T21:15:13.667323+00:00,Invent a literary novel title. Title only.,The Cartographer of Lost Hours,1,True
141,luna_container_final_extension.csv,41,01a07db9-c2da-73a0-a941-23b521dd2ccf,2026-09-07T21:15:20.113429+00:00,Invent a literary novel title. Title only.,The Cartographer of Vanishing Hours,1,True
142,luna_container_final_extension.csv,42,01a07db9-dc18-7922-9eef-8fdb1fe798b7,2026-09-07T21:15:26.784884+00:00,Invent a literary novel title. Title only.,The Cartographer of Unfinished Goodbyes,1,True
143,luna_container_final_extension.csv,43,01a07db9-f2ea-77c2-a288-8bbab7fc4ddb,2026-09-07T21:15:32.660370+00:00,Invent a literary novel title. Title only.,The Cartographer of Vanishing Roads,1,True
144,luna_container_final_extension.csv,44,01a07dba-07db-74f2-83f2-cf79254a8b2c,2026-09-07T21:15:37.936305+00:00,Invent a literary novel title. Title only.,The Cartographer of Unsaid Things,1,True
145,luna_container_final_extension.csv,45,01a07dba-1b71-77e3-a402-480c60b5891d,2026-09-07T21:15:43.122328+00:00,Invent a literary novel title. Title only.,The Cartographer of Unfinished Rain,1,True
146,luna_container_final_extension.csv,46,01a07dba-30cc-77d2-be89-cc293a4fe5fb,2026-09-07T21:15:48.472333+00:00,Invent a literary novel title. Title only.,The Cartography of Unsaid Things,1,True
147,luna_container_final_extension.csv,47,01a07dba-560b-7cf1-b6a2-98b293570979,2026-09-07T21:15:57.419736+00:00,Invent a literary novel title. Title only.,The Cartographer of Forgotten Rain,1,True
148,luna_container_final_extension.csv,48,01a07dba-7543-73a2-b992-d195910d341f,2026-09-07T21:16:05.286361+00:00,Invent a literary novel title. Title only.,The Cartographer of Vanishing Hours,1,True
149,luna_container_final_extension.csv,49,01a07dba-97b8-7021-b5e7-b20920750ffa,2026-09-07T21:16:13.768433+00:00,Invent a literary novel title. Title only.,The Cartographer of Vanishing Roads,1,True
150,luna_container_final_extension.csv,50,01a07dba-bd47-72e0-9431-7d113a41c0e1,2026-09-07T21:16:22.940466+00:00,Invent a literary novel title. Title only.,The Cartographer of Vanishing Roads,1,True
151,luna_container_final_extension.csv,51,01a07dba-e390-7f31-8e2a-89be6846d44d,2026-09-07T21:16:32.286756+00:00,Invent a literary novel title. Title only.,The Cartographer of Lost Mornings,1,True
152,luna_container_final_extension.csv,52,01a07dba-fb8b-7bf3-9914-46cec9873106,2026-09-07T21:16:40.300309+00:00,Invent a literary novel title. Title only.,The Cartographer of Vanishing Hours,1,True
153,luna_container_final_extension.csv,53,01a07dbb-1fcb-7ff0-b14a-679ab5e32e70,2026-09-07T21:16:48.239882+00:00,Invent a literary novel title. Title only.,The Cartography of Vanishing Hours,1,True
154,luna_container_completion_47.csv,1,01a07e59-4406-7960-8eea-80b19399c02e,2026-09-08T00:09:33.541500+00:00,Invent a literary novel title. Title only.,The Cartography of Vanishing Light,1,True
155,luna_container_completion_47.csv,2,01a07e59-828d-77a2-b8da-98685e445155,2026-09-08T00:09:49.658290+00:00,Invent a literary novel title. Title only.,The Cartographer of Unfinished Goodbyes,1,True
156,luna_container_completion_47.csv,3,01a07e59-c04c-71f1-9c84-b8ee81097610,2026-09-08T00:10:05.442423+00:00,Invent a literary novel title. Title only.,The Cartographer of Vanishing Hours,1,True
157,luna_container_completion_47.csv,4,01a07e59-ffc8-7e92-9409-fe87a35c9b7a,2026-09-08T00:10:21.714290+00:00,Invent a literary novel title. Title only.,The Cartographer of Unfinished Rain,1,True
158,luna_container_completion_47.csv,5,01a07e5a-40d1-7033-ad74-44afa0b12938,2026-09-08T00:10:38.389758+00:00,Invent a literary novel title. Title only.,The Cartographer of Vanishing Roads,1,True
159,luna_container_completion_47.csv,6,01a07e5a-80d7-7b33-ab69-286bec5396e0,2026-09-08T00:10:54.692321+00:00,Invent a literary novel title. Title only.,The Cartography of Vanishing Light,1,True
160,luna_container_completion_47.csv,7,01a07e5a-c09d-7540-bf8a-87f057c9f356,2026-09-08T00:11:11.016367+00:00,Invent a literary novel title. Title only.,The Cartographer of Vanishing Hours,1,True
161,luna_container_completion_47.csv,8,01a07e5a-ffe4-7962-829c-b56e55029037,2026-09-08T00:11:27.209575+00:00,Invent a literary novel title. Title only.,The Cartographer of Vanishing Hours,1,True
162,luna_container_completion_47.csv,9,01a07e5b-4777-7ed1-a330-b3a76d0f951b,2026-09-08T00:11:45.600553+00:00,Invent a literary novel title. Title only.,The Cartographer of Vanishing Hours,1,True
163,luna_container_completion_47.csv,10,01a07e5b-8608-7692-b200-20e89e8fff77,2026-09-08T00:12:01.526294+00:00,Invent a literary novel title. Title only.,The Cartography of Unsaid Things,1,True
164,luna_container_completion_47.csv,11,01a07e5b-c3b0-76a1-b2d3-df383e2556dc,2026-09-08T00:12:17.368783+00:00,Invent a literary novel title. Title only.,The Cartographer of Lost Hours,1,True
165,luna_container_completion_47.csv,12,01a07e5c-02b2-71e3-8e85-d42d2e3a3155,2026-09-08T00:12:33.238316+00:00,Invent a literary novel title. Title only.,The Cartographer of Vanishing Roads,1,True
166,luna_container_completion_47.csv,13,01a07e5c-4397-7ca2-bf1b-8437926d6f61,2026-09-08T00:12:50.146142+00:00,Invent a literary novel title. Title only.,The Cartographer of Lost Hours,1,True
167,luna_container_completion_47.csv,14,01a07e5c-8458-71a2-b012-3e62bf060eec,2026-09-08T00:13:06.749461+00:00,Invent a literary novel title. Title only.,The Cartographer of Vanishing Hours,1,True
168,luna_container_completion_47.csv,15,01a07e5c-c4a5-7a11-8ee5-71a9daa2c0e9,2026-09-08T00:13:23.127009+00:00,Invent a literary novel title. Title only.,The Cartographer of Vanishing Hours,1,True
169,luna_container_completion_47.csv,16,01a07e5d-04ab-7e00-bd33-c99e456c823b,2026-09-08T00:13:39.569888+00:00,Invent a literary novel title. Title only.,The Cartographer of Vanishing Hours,1,True
170,luna_container_completion_47.csv,17,01a07e5d-4536-7f62-837c-6fb3bdc6990e,2026-09-08T00:13:55.821767+00:00,Invent a literary novel title. Title only.,The Cartographer of Vanishing Roads,1,True
171,luna_container_completion_47.csv,18,01a07e5d-85ce-7132-b41c-54e37a57f363,2026-09-08T00:14:12.265901+00:00,Invent a literary novel title. Title only.,The Cartography of Vanishing Hours,1,True
172,luna_container_completion_47.csv,19,01a07e5d-c9fe-7b10-8960-2b82cd4caae3,2026-09-08T00:14:29.788921+00:00,Invent a literary novel title. Title only.,The Cartographer of Vanishing Roads,1,True
173,luna_container_completion_47.csv,20,01a07e5e-0a68-71e3-8e73-92e0534a5b4c,2026-09-08T00:14:46.180709+00:00,Invent a literary novel title. Title only.,The Cartography of Unsaid Things,1,True
174,luna_container_completion_47.csv,21,01a07e5e-4a7f-7900-81de-d4060c98ce26,2026-09-08T00:15:02.689450+00:00,Invent a literary novel title. Title only.,The Cartographer of Lost Hours,1,True
175,luna_container_completion_47.csv,22,01a07e5e-8b97-7301-90ec-c53a52cfb22d,2026-09-08T00:15:19.197562+00:00,Invent a literary novel title. Title only.,The Cartography of Vanishing Hours,1,True
176,luna_container_completion_47.csv,23,01a07e5e-cd1a-7b53-bea4-dce3ba3260c1,2026-09-08T00:15:36.181201+00:00,Invent a literary novel title. Title only.,The Cartographer of Vanishing Hours,1,True
177,luna_container_completion_47.csv,24,01a07e5f-0dd0-7c33-8ab2-7ba6d9ee8920,2026-09-08T00:15:52.711357+00:00,Invent a literary novel title. Title only.,The Cartographer of Vanishing Hours,1,True
178,luna_container_completion_47.csv,25,01a07e5f-4eae-7ae3-8411-90fc2bb4bb2c,2026-09-08T00:16:09.258022+00:00,Invent a literary novel title. Title only.,The Cartographer of Vanishing Roads,1,True
179,luna_container_completion_47.csv,26,01a07e5f-8ffd-7a01-a2e4-c6148cf986d6,2026-09-08T00:16:26.009324+00:00,Invent a literary novel title. Title only.,The Silence Between Tides,0,True
180,luna_container_completion_47.csv,27,01a07e5f-cf83-7300-b1bb-eb59947edcba,2026-09-08T00:16:42.229826+00:00,Invent a literary novel title. Title only.,The Cartographer of Unsaid Things,1,True
181,luna_container_completion_47.csv,28,01a07e60-0fe0-7573-87f2-296ef2dd5a66,2026-09-08T00:16:58.813501+00:00,Invent a literary novel title. Title only.,The Cartographer of Unquiet Hours,1,True
182,luna_container_completion_47.csv,29,01a07e60-53f3-7490-9b26-c1e997b2d071,2026-09-08T00:17:16.051694+00:00,Invent a literary novel title. Title only.,The Cartography of Unsaid Things,1,True
183,luna_container_completion_47.csv,30,01a07e60-9944-7943-973f-8c22207d783a,2026-09-08T00:17:33.740110+00:00,Invent a literary novel title. Title only.,The Cartographer of Unfinished Goodbyes,1,True
184,luna_container_completion_47.csv,31,01a07e60-d9c8-7ab2-a81b-5dd2f845ac0f,2026-09-08T00:17:50.514848+00:00,Invent a literary novel title. Title only.,The Cartography of Unspoken Things,1,True
185,luna_container_completion_47.csv,32,01a07e61-1c6b-74e0-b762-f90b397e01a1,2026-09-08T00:18:07.495436+00:00,Invent a literary novel title. Title only.,The Cartography of Unsaid Things,1,True
186,luna_container_completion_47.csv,33,01a07e61-5dff-7ad1-a70a-5e53588f08e5,2026-09-08T00:18:24.028001+00:00,Invent a literary novel title. Title only.,The Cartographer of Unfinished Sorrows,1,True
187,luna_container_completion_47.csv,34,01a07e61-a1c6-7961-b3d4-53ce213ef28f,2026-09-08T00:18:41.499614+00:00,Invent a literary novel title. Title only.,The Cartographer of Vanishing Hours,1,True
188,luna_container_completion_47.csv,35,01a07e61-e1d6-7a63-aa5e-b6be10adfdde,2026-09-08T00:18:57.956106+00:00,Invent a literary novel title. Title only.,The Cartographer of Vanishing Roads,1,True
189,luna_container_completion_47.csv,36,01a07e62-2419-7510-a4dc-db404e128eff,2026-09-08T00:19:14.864449+00:00,Invent a literary novel title. Title only.,The Cartography of Vanishing Light,1,True
190,luna_container_completion_47.csv,37,01a07e62-6a12-7ff1-b14b-fd35274aac4c,2026-09-08T00:19:32.959429+00:00,Invent a literary novel title. Title only.,The Cartography of Unsaid Things,1,True
191,luna_container_completion_47.csv,38,01a07e62-adb0-7cd2-9a0c-b9bb67cb54d2,2026-09-08T00:19:50.494541+00:00,Invent a literary novel title. Title only.,The Cartographer of Unfinished Goodbyes,1,True
192,luna_container_completion_47.csv,39,01a07e62-ee0f-7212-b1b7-305434b9bf74,2026-09-08T00:20:06.905708+00:00,Invent a literary novel title. Title only.,The Cartographer of Vanishing Hours,1,True
193,luna_container_completion_47.csv,40,01a07e63-2cdd-7231-a06f-89955329f39c,2026-09-08T00:20:23.029954+00:00,Invent a literary novel title. Title only.,The Cartographer of Vanishing Hours,1,True
194,luna_container_completion_47.csv,41,01a07e63-6c29-7121-b0dc-f396ec256787,2026-09-08T00:20:39.144471+00:00,Invent a literary novel title. Title only.,The Cartographer of Vanishing Roads,1,True
195,luna_container_completion_47.csv,42,01a07e63-ac77-79c3-8436-545c19233d90,2026-09-08T00:20:55.634460+00:00,Invent a literary novel title. Title only.,The Cartographer of Unquiet Seas,1,True
196,luna_container_completion_47.csv,43,01a07e63-f6ec-7bd2-85f2-3034f9bef42d,2026-09-08T00:21:14.503540+00:00,Invent a literary novel title. Title only.,The Cartographer of Vanishing Hours,1,True
197,luna_container_completion_47.csv,44,01a07e64-37b6-7360-8659-1859029d3010,2026-09-08T00:21:31.098488+00:00,Invent a literary novel title. Title only.,The Cartographer of Vanishing Hours,1,True
198,luna_container_completion_47.csv,45,01a07e64-77dd-78a0-bdd8-bd94d979a185,2026-09-08T00:21:47.665875+00:00,Invent a literary novel title. Title only.,The Cartographer of Vanishing Roads,1,True
199,luna_container_completion_47.csv,46,01a07e64-b7f4-7420-9c89-5d6ea622ed89,2026-09-08T00:22:03.910008+00:00,Invent a literary novel title. Title only.,The Cartographer of Vanishing Roads,1,True
200,luna_container_completion_47.csv,47,01a07e64-f8ed-7bd0-bb6d-75a4623be06e,2026-09-08T00:22:20.552542+00:00,Invent a literary novel title. Title only.,The Cartographer of Unquiet Hours,1,True
