extension_index,completed_ordinal,session_id,prompt,raw_answer,valid,returncode,started_utc,completed_utc,input_tokens,output_tokens,raw_record_sha256
1,21,01a07da1-1a8a-7310-b90f-889b33460588,Invent a literary novel title. Title only.,The Cartography of Unsaid Things,True,0,2026-09-07T20:48:24.304587+00:00,2026-09-07T20:48:28.912863+00:00,1782,11,4270172975d35f3eb1683602b7a51196dba7e5b0f23c5fae6495ee4517e20d09
2,22,01a07da1-3129-7941-b5dc-d25caf4adfc6,Invent a literary novel title. Title only.,The Cartographer of Forgotten Rain,True,0,2026-09-07T20:48:30.014504+00:00,2026-09-07T20:48:34.320564+00:00,1782,10,ee94085f0a59e0db498ba7835f132a3e5977d0f2d994b1d43ae816f49da271c8
3,23,01a07da1-46be-7cc3-9531-15fb5094c77a,Invent a literary novel title. Title only.,The Cartographer of Vanishing Roads,True,0,2026-09-07T20:48:35.421521+00:00,2026-09-07T20:48:41.028159+00:00,1782,11,753229e349c3dd83f3c4b86deed04727f34f1c05cb6e5b9e292b95482fcf24be
4,24,01a07da1-5fd6-7423-92a8-3cc476eecca8,Invent a literary novel title. Title only.,The Cartography of Vanishing Light,True,0,2026-09-07T20:48:42.129746+00:00,2026-09-07T20:48:46.294084+00:00,1782,11,8736adfc26bc1af96929ac171d9de628f2e93ce11fea5b4815df0a20c435dba1
5,25,01a07da1-7447-7f82-8053-4d717f16f72c,Invent a literary novel title. Title only.,The Cartographer of Unfinished Rain,True,0,2026-09-07T20:48:47.395655+00:00,2026-09-07T20:48:51.939679+00:00,1782,11,ef9c081a137a578ee2f31e7c2bc420d75ca8e1af1f19ad311a0310491b949797
6,26,01a07da1-8b0e-79c0-a909-3979c9104994,Invent a literary novel title. Title only.,The Cartographer of Unfinished Rain,True,0,2026-09-07T20:48:53.041342+00:00,2026-09-07T20:49:01.547058+00:00,1782,11,7618888bd3a5a634c2dcf9bd48e965079838340a4c59cb3daeb6f97b657feea5
7,27,01a07da1-b03b-77a1-8e2d-81e7804aa2dd,Invent a literary novel title. Title only.,The Cartographer of Unfinished Rain,True,0,2026-09-07T20:49:02.647722+00:00,2026-09-07T20:49:07.338849+00:00,1782,11,6b625d1e3fada2a45a2a34134afd14b58411e873117288434a25c1b653abceb6
8,28,01a07da1-c7d5-7af0-a9fd-86f10161fc5c,Invent a literary novel title. Title only.,The Cartography of Vanishing Light,True,0,2026-09-07T20:49:08.440456+00:00,2026-09-07T20:49:13.700611+00:00,1782,11,51ac61738affe3cd2f067ae90c967c69b272e0676d917b261a7aca6b84f6dd1f
9,29,01a07da1-e0b7-7240-ba47-a99fa419d4b4,Invent a literary novel title. Title only.,The Cartographer of Unfinished Rain,True,0,2026-09-07T20:49:14.802306+00:00,2026-09-07T20:49:22.038621+00:00,1782,11,69e609e7a7e11f69419f3a8622b186bd1f10c67ba9490f1faaa653e52ee26ec0
10,30,01a07da2-0085-7fc3-aa69-a932631d172e,Invent a literary novel title. Title only.,The Cartographer of Vanishing Roads,True,0,2026-09-07T20:49:23.140219+00:00,2026-09-07T20:49:27.448415+00:00,1782,11,a9167176b2118951560e367bcc27677079bc58ce85cf349be30879f1012996d3
11,31,01a07da2-151c-79e1-93dc-a432aa08c9d6,Invent a literary novel title. Title only.,The Cartographer of Vanishing Hours,True,0,2026-09-07T20:49:28.549505+00:00,2026-09-07T20:49:33.083486+00:00,1782,11,071afca9781c1197146eeaf2b93ffd642781d3656b6839de2cc837d84f221126
12,32,01a07da2-2b8b-7ab0-a22f-5153749cb08d,Invent a literary novel title. Title only.,The Cartographer of Unspoken Things,True,0,2026-09-07T20:49:34.185083+00:00,2026-09-07T20:49:39.341392+00:00,1782,11,c9a60ae6f6974382569168b4b5484339cb8fbb22c536f8d26feef1fcc826ae5a
13,33,01a07da2-4357-7dc3-9ece-ac7c3b79adb3,Invent a literary novel title. Title only.,The Cartography of Unsaid Things,True,0,2026-09-07T20:49:40.442375+00:00,2026-09-07T20:49:44.575474+00:00,1782,11,579277b0673bb959a3bfd2e8a514cde0dc3a85a27c7fcadb8b6e6348cecae6f3
14,34,01a07da2-58b6-7400-9991-d518717a5547,Invent a literary novel title. Title only.,The Cartographer of Vanishing Roads,True,0,2026-09-07T20:49:45.676911+00:00,2026-09-07T20:49:51.088544+00:00,1782,11,42a2c6eb83b838cf1c3b245d43ebe0925c37c860e6d45aa3f0e6f2de416e60ca
15,35,01a07da2-71c6-7ab0-84e7-b360dc02f16c,Invent a literary novel title. Title only.,The Cartography of Vanishing Light,True,0,2026-09-07T20:49:52.189345+00:00,2026-09-07T20:49:56.355307+00:00,1782,11,9890ae431a6dd8c9cee4c602f586514b27d2c080de7aac9fe29d0715b92eba58
16,36,01a07da2-8617-7731-b617-4e91df84a7fd,Invent a literary novel title. Title only.,The Cartography of Vanishing Hours,True,0,2026-09-07T20:49:57.456459+00:00,2026-09-07T20:50:01.702877+00:00,1782,11,4637f44fb1c95520ce46dcd98813c5e6863095324f2d7fd094c74d49b5d2ce5b
17,37,01a07da2-9ad5-7950-923a-887db8f18060,Invent a literary novel title. Title only.,The Cartographer of Unfinished Rain,True,0,2026-09-07T20:50:02.804473+00:00,2026-09-07T20:50:08.221456+00:00,1782,11,e788bc7d154dc9b8c1301eeb2d5878abb90ee828f2788cf1dec6f503eecedc34
18,38,01a07da2-b51a-7321-ab11-53e37b2ac140,Invent a literary novel title. Title only.,The Cartographer of Forgotten Rain,True,0,2026-09-07T20:50:09.322338+00:00,2026-09-07T20:50:14.037715+00:00,1782,10,a772590c7a982f757c369d0a63f35f1dbb998072247649053d5a69e3e256d519
19,39,01a07da2-cb0e-74d2-b205-02a6550229c5,Invent a literary novel title. Title only.,The Cartographer of Unfinished Goodbyes,True,0,2026-09-07T20:50:15.138572+00:00,2026-09-07T20:50:20.063542+00:00,1782,13,9df4a90fcbd49f1cb755a973a7750fa6c498878d5736f182dad317259f230f02
20,40,01a07da2-e360-7432-a405-d33ad4c9bb23,Invent a literary novel title. Title only.,The Cartographer of Vanishing Hours,True,0,2026-09-07T20:50:21.164591+00:00,2026-09-07T20:50:25.577312+00:00,1782,11,5a9c5b48acf41b7254df3b51c6bc4a83ad60c452463347a6a3826eee5acb7792
21,41,01a07da2-f8dd-74b3-89b2-c67758e8f30e,Invent a literary novel title. Title only.,The Cartographer of Vanishing Hours,True,0,2026-09-07T20:50:26.678303+00:00,2026-09-07T20:50:31.617744+00:00,1782,11,48c72b9b8e73c8076863f3f5536d247db9d68b17459cd7af1461833cfd43e33f
22,42,01a07da3-0fe1-7e81-a02f-0c8e83eacda5,Invent a literary novel title. Title only.,The Cartographer of Vanishing Roads,True,0,2026-09-07T20:50:32.719340+00:00,2026-09-07T20:50:39.922533+00:00,1782,11,cc784294cd9efc879c47ccd9b34cdff11701b696b8dea0deaa23429a164bbc6b
23,43,01a07da3-30af-7480-a9e4-fe70c7c0cf96,Invent a literary novel title. Title only.,The Cartography of Vanishing Things,True,0,2026-09-07T20:50:41.024187+00:00,2026-09-07T20:50:46.414216+00:00,1782,11,c86a1d1a99e6dbdda9cf352222ed688bff66a7006702eeac2a8eeb565be7aa2b
24,44,01a07da3-4a25-7062-babd-70f02ab93dce,Invent a literary novel title. Title only.,The Cartographer of Forgotten Rain,True,0,2026-09-07T20:50:47.515903+00:00,2026-09-07T20:50:51.934804+00:00,1782,10,f846a53c8810ce046230fd63de786ce91573899d58a33db5102742841b88b684
25,45,01a07da3-5f3a-7b43-b145-9f8103e23076,Invent a literary novel title. Title only.,The Cartographer of Unquiet Stars,True,0,2026-09-07T20:50:53.036637+00:00,2026-09-07T20:50:57.673382+00:00,1782,11,583336af4f67d9c0b5d7f6df48bc1bf007463a04cd5ddb87ac7e8e7b8ef4993e
26,46,01a07da3-75fe-72c2-b347-daa105a7c727,Invent a literary novel title. Title only.,The Cartography of Vanishing Hours,True,0,2026-09-07T20:50:58.774980+00:00,2026-09-07T20:51:04.081478+00:00,1782,11,32c091e2f1ae389a769b4f51625f4e9dc2fb75e06c51e252bc7b7bf24695babe
27,47,01a07da3-8ed0-7140-8248-06c7dd870bd3,Invent a literary novel title. Title only.,The Cartographer of Vanishing Hours,True,0,2026-09-07T20:51:05.182627+00:00,2026-09-07T20:51:09.764812+00:00,1782,11,123cbfebbfb245ff5396c032286eae3fb78f07fe045f15c39de41db26dda67ae
28,48,01a07da3-a554-7711-9c07-13c57667c694,Invent a literary novel title. Title only.,The Cartographer of Lost Rainfall,True,0,2026-09-07T20:51:10.866407+00:00,2026-09-07T20:51:15.632446+00:00,1782,11,f129a16ed7c536473e66b6f7aeb4aae299c32a22b23e19068ac3cbb947ccd9b4
29,49,01a07da3-bc6b-7073-bd64-ebf4f49f5a85,Invent a literary novel title. Title only.,The Cartographer of Vanishing Roads,True,0,2026-09-07T20:51:16.734075+00:00,2026-09-07T20:51:21.952090+00:00,1782,11,c574b95fad4798d2b90f73468216cac94f9d2f3976243272967ae0c6a2c1c5d6
30,50,01a07da3-d50a-7c21-9f42-889a18b901fd,Invent a literary novel title. Title only.,The Cartographer of Unfinished Dreams,True,0,2026-09-07T20:51:23.053322+00:00,2026-09-07T20:51:27.767507+00:00,1782,11,a3fd43bf6b276c7df8489c8c731f8b16541718ca27ab4606ecd98245f2a43734
31,51,01a07da3-eb2d-7b82-9984-701f5dd8540b,Invent a literary novel title. Title only.,The Cartographer of Vanishing Hours,True,0,2026-09-07T20:51:28.869124+00:00,2026-09-07T20:51:32.921609+00:00,1782,11,e1ca7b75691d689d03454b5f4a3420f632997c2398be06abddfee2748c242d71
32,52,01a07da3-ff5e-7802-8682-496faf41ff0c,Invent a literary novel title. Title only.,The Cartography of Vanishing Hours,True,0,2026-09-07T20:51:34.023303+00:00,2026-09-07T20:51:38.567978+00:00,1782,11,bedf6a7865b4407db6c0f91bf5aa74ea3ed00d5b3f62a562c7a5bc69eaf4a290
33,53,01a07da4-158f-7080-a0c8-376b6a099027,Invent a literary novel title. Title only.,The Cartographer of Unforgotten Roads,True,0,2026-09-07T20:51:39.669615+00:00,2026-09-07T20:51:44.658262+00:00,1782,12,d6fa5aa59892f6554f24f3437115ce64277e1e63ceaf41346e8a910dc04acb6b
34,54,01a07da4-2dc1-77d1-8783-0775ec1a9801,Invent a literary novel title. Title only.,The Cartography of Vanishing Light,True,0,2026-09-07T20:51:45.759847+00:00,2026-09-07T20:51:51.807344+00:00,1782,11,f0429272776f3aef8badfc18a6e44500bee69dba5d067d093f51990457be68e9
35,55,01a07da4-48f5-78d0-a887-de526b821e10,Invent a literary novel title. Title only.,The Cartographer of Vanishing Hours,True,0,2026-09-07T20:51:52.908347+00:00,2026-09-07T20:51:57.755553+00:00,1782,11,498928ddb49b968d9a1236f069a51b1f243e40603862c7795eeff8e81d7c1a9f
36,56,01a07da4-60b6-78f3-8aa9-91cdaa448ae7,Invent a literary novel title. Title only.,The Cartographer of Vanishing Roads,True,0,2026-09-07T20:51:58.856354+00:00,2026-09-07T20:52:03.371385+00:00,1782,11,cd2605549198aa41ad0ba8617ba71455d15bac9454288680f72560d09895b3a0
37,57,01a07da4-766f-76c0-9dbb-af3cb247bb01,Invent a literary novel title. Title only.,The Cartography of Vanishing Light,True,0,2026-09-07T20:52:04.473013+00:00,2026-09-07T20:52:08.965514+00:00,1782,11,ef1a80819d69a4f4e72ac625651a0b3261f52cc68c4a0daf237064e1c08bdba7
38,58,01a07da4-8c81-7ca1-97ff-5f1e192fb14b,Invent a literary novel title. Title only.,The Cartographer of Vanishing Hours,True,0,2026-09-07T20:52:10.067110+00:00,2026-09-07T20:52:14.727267+00:00,1782,11,e07860d114b5bd77b197c38809fae4c2d5887ec9afad23c9712fb93bc2f80532
39,59,01a07da4-a2bd-74c2-81c4-edf3be8dafa1,Invent a literary novel title. Title only.,The Cartographer of Lost Hours,True,0,2026-09-07T20:52:15.828552+00:00,2026-09-07T20:52:20.331869+00:00,1782,10,64fcf254d44442d286f2fe86e53e32844115f778499f26bd10a387fe64e5e790
40,60,01a07da4-b886-7c53-a3fa-6e85fd2ea78d,Invent a literary novel title. Title only.,The Cartography of Vanishing Light,True,0,2026-09-07T20:52:21.433344+00:00,2026-09-07T20:52:25.631603+00:00,1782,11,2a90e2a615d4cfb99e58038a0b33eacc9acd4503cb844c7623c0d7c48bdcebb1
41,61,01a07da4-cd81-7040-a2e6-39625aa54a53,Invent a literary novel title. Title only.,The Cartographer of Vanishing Rooms,True,0,2026-09-07T20:52:26.733194+00:00,2026-09-07T20:52:31.675968+00:00,1782,11,86e6c4bd1b04534dc07e0e24e77acbb2696de9ecfbd4ccc6e1653935ab68f709
42,62,01a07da4-e58b-78d2-a1bf-c921d6740bf2,Invent a literary novel title. Title only.,The Cartography of Unsaid Things,True,0,2026-09-07T20:52:32.777336+00:00,2026-09-07T20:52:38.180122+00:00,1782,11,a8d360feaade2dbfcbb9ce267da4b8ef995f654108de0c3510676e6cfdfee3b4
43,63,01a07da4-fe9f-76e3-a33c-2708f2c93d17,Invent a literary novel title. Title only.,The Cartographer of Unfinished Rain,True,0,2026-09-07T20:52:39.281348+00:00,2026-09-07T20:52:44.076987+00:00,1782,11,3867178b2bb000a8bb11e0e68897d75c6ab689761b7225962c4799697bceb526
44,64,01a07da5-1599-7070-b188-68f6e2c1e4aa,Invent a literary novel title. Title only.,The Cartographer of Unfinished Roads,True,0,2026-09-07T20:52:45.178329+00:00,2026-09-07T20:52:49.905742+00:00,1782,11,d36e75931b0e1a7ec65665f8613b1f05473c3f55d8bae2c14f8341ac810d0cfb
45,65,01a07da5-2c81-7f21-be33-3e2df4e84322,Invent a literary novel title. Title only.,The Cartographer of Vanishing Roads,True,0,2026-09-07T20:52:51.007332+00:00,2026-09-07T20:52:56.095393+00:00,1782,11,e92487bfdf81842dee4cbd1216eb27f1db13bdd678ac027c9bee5f57c522e3a2
46,66,01a07da5-4422-7c52-ae1d-09ad54e4a774,Invent a literary novel title. Title only.,The Cartographer of Vanishing Hours,True,0,2026-09-07T20:52:57.197002+00:00,2026-09-07T20:53:01.422571+00:00,1782,11,60082fef056dd109383b8e96d9ce41098e4b63a6a35a073b77c326039f68051a
47,67,01a07da5-5964-77d1-b03e-96e609338ec4,Invent a literary novel title. Title only.,The Cartographer of Unquiet Dreams,True,0,2026-09-07T20:53:02.524205+00:00,2026-09-07T20:53:06.818179+00:00,1782,11,3ef66eb4e1bdba3282c2848fa89414f2f14afe33c9dbab9eb59360d7ceee3e68
48,68,01a07da5-6e4f-70f0-a08e-e1d4bf6447c4,Invent a literary novel title. Title only.,The Cartographer of Unfinished Goodbyes,True,0,2026-09-07T20:53:07.919751+00:00,2026-09-07T20:53:12.376277+00:00,1782,13,17f5dc1a6e7db5bc7cb340acdeeeeb020a495079ea5d2d60cdb69dddc8d0fda8
49,69,01a07da5-847a-7c13-8049-3053c6748be0,Invent a literary novel title. Title only.,The Cartographer of Vanishing Hours,True,0,2026-09-07T20:53:13.477172+00:00,2026-09-07T20:53:18.190847+00:00,1782,11,9085c25de1b1089bf285486ed30c6d362b1788d83887635769082bf14fed81d6
50,70,01a07da5-9ac1-78b3-8439-795874720f65,Invent a literary novel title. Title only.,The Cartographer of Vanishing Roads,True,0,2026-09-07T20:53:19.292419+00:00,2026-09-07T20:53:23.776573+00:00,1782,11,039b0cbf90ebcf520ec463b1ebb24db58d16bfc0109afd070c3ce32f47ebbe86
51,71,01a07da5-b043-7d70-a989-89ff9b27e67e,Invent a literary novel title. Title only.,The Cartographer of Unsaid Things,True,0,2026-09-07T20:53:24.877508+00:00,2026-09-07T20:53:28.964220+00:00,1782,11,44fb9f62bc167e461b016d6ac4c0af1a495ea5929e291209fda5dfebd7a60e09
52,72,01a07da5-c51a-7cb2-ba09-2b84d0fd081f,Invent a literary novel title. Title only.,The Cartography of Unsaid Things,True,0,2026-09-07T20:53:30.065799+00:00,2026-09-07T20:53:34.584062+00:00,1782,11,1eccc648da876a36264aba816b9f6e8ca2e76c6d29c7298a3c08ecd1a36d8c97
53,73,01a07da5-daea-7ad1-ac3b-0d12b1b02623,Invent a literary novel title. Title only.,The Cartographer of Unfinished Rain,True,0,2026-09-07T20:53:35.685498+00:00,2026-09-07T20:53:40.655847+00:00,1782,11,af9bcc0d75d614e0ec357551b57d722bb151f9e66044e2ed5d4ba49b14542d1b
54,74,01a07da5-f29a-7a62-8a00-09913b0e845b,Invent a literary novel title. Title only.,The Cartography of Vanishing Light,True,0,2026-09-07T20:53:41.757433+00:00,2026-09-07T20:53:48.118775+00:00,1782,11,1dc1b34f3eb389eb80bf44b4d2527867a38c4bd0a2555d06ed20f42484881009
55,75,01a07da6-0fb5-74e1-abdb-70bf7139927a,Invent a literary novel title. Title only.,The Cartographer of Vanishing Hours,True,0,2026-09-07T20:53:49.220369+00:00,2026-09-07T20:53:56.600029+00:00,1782,11,366fd350c2ffae88389f1eb495bc92a06c38926f35b1a5f2b25370ceacd6580d
56,76,01a07da6-30d1-7a41-b4aa-e654b58cf8a2,Invent a literary novel title. Title only.,The Cartographer of Unfinished Goodbyes,True,0,2026-09-07T20:53:57.701626+00:00,2026-09-07T20:54:02.377370+00:00,1782,13,e44913f24353894a0cab2eee472fa64ef0b439ff7dc04c44a3802c15d505e876
57,77,01a07da6-4778-71c1-804f-a71905d05f0a,Invent a literary novel title. Title only.,The Cartographer of Vanishing Hours,True,0,2026-09-07T20:54:03.478357+00:00,2026-09-07T20:54:07.961753+00:00,1782,11,9c8356f7aafea96cc647553e608d3f8b8f5ecdd6c8f2dea9817dd8a14ffb0245
58,78,01a07da6-5d5c-77d3-8967-7e41063659e4,Invent a literary novel title. Title only.,The Cartographer of Unfinished Goodbyes,True,0,2026-09-07T20:54:09.063453+00:00,2026-09-07T20:54:13.484898+00:00,1782,13,7cd28c3aa3b7509fa9c3d66df3b5df31e2cf6a9ae3f9404846a229fdf34307aa
59,79,01a07da6-730c-7783-9db6-a2354f5a53ed,Invent a literary novel title. Title only.,The Cartographer of Vanishing Roads,True,0,2026-09-07T20:54:14.586503+00:00,2026-09-07T20:54:18.674426+00:00,1782,11,402032b98d56ea22c1cf5eb40b8b64027854109c79c646b080e43896e9a81321
60,80,01a07da6-86ed-7b92-a01a-ab1615f5eedc,Invent a literary novel title. Title only.,The Cartographer of Vanishing Roads,True,0,2026-09-07T20:54:19.775351+00:00,2026-09-07T20:54:25.630813+00:00,1782,11,ddaad6abc9253868abecc760d46e0018eb26f98465ace3cc1c54a2cbfe683f21
61,81,01a07da6-a248-7f03-9cf6-c10e0ca5809c,Invent a literary novel title. Title only.,The Cartographer of Unfinished Rain,True,0,2026-09-07T20:54:26.732435+00:00,2026-09-07T20:54:31.233428+00:00,1782,11,1238395d9d731e4defb89c3566a56e484da05d2e242b5eb2c991973a3ab0d6de
62,82,01a07da6-b932-7d60-bdca-ad4d2f9251f0,Invent a literary novel title. Title only.,The Cartographer of Vanishing Hours,True,0,2026-09-07T20:54:32.335043+00:00,2026-09-07T20:54:38.056662+00:00,1782,11,b4782e9390ae27c556ca7038ed997ee325d73a84a76c09ca0a6ab657d5c464a2
63,83,01a07da6-d292-7be1-b48d-d7ce0b0861ea,Invent a literary novel title. Title only.,The Cartography of Vanishing Things,True,0,2026-09-07T20:54:39.158315+00:00,2026-09-07T20:54:44.072288+00:00,1782,11,c56a9eef73a0c4a152706aeecc8f0497b5809f1fca04f85dcbc5d263afcad98c
64,84,01a07da6-ea57-7323-bd3a-56e3ce59d613,Invent a literary novel title. Title only.,The Cartographer of Vanishing Roads,True,0,2026-09-07T20:54:45.173350+00:00,2026-09-07T20:54:50.697168+00:00,1782,11,6baa36b0862f4a6666f4783802bba8cfed52edb9a5bbd756d77d18204cbb078d
65,85,01a07da7-03be-7d61-b941-4582333635f8,Invent a literary novel title. Title only.,The Cartographer of Vanishing Hours,True,0,2026-09-07T20:54:51.798754+00:00,2026-09-07T20:54:55.893809+00:00,1782,11,8959cfc48148a9403288cf1cad0890b19a75a000b7c5f0c37571b99fad1ce20c
66,86,01a07da7-182b-7c11-b6e2-2038d41793f2,Invent a literary novel title. Title only.,The Cartographer of Vanishing Hours,True,0,2026-09-07T20:54:56.995361+00:00,2026-09-07T20:55:00.993865+00:00,1782,11,2c503d4bbbe7fe67728470d1b626400e106e6a5c5684cc0267168f77892fb77e
67,87,01a07da7-2bcd-7d12-8b42-8aa4d2f3ff10,Invent a literary novel title. Title only.,The Cartographer of Unfinished Roads,True,0,2026-09-07T20:55:02.095720+00:00,2026-09-07T20:55:08.376685+00:00,1782,11,798db09aadc0e317885df8103db2596db05e0d2c5cf2041a92c57942c06872c7
68,88,01a07da7-490e-7653-ba7c-8b2e6cd18eeb,Invent a literary novel title. Title only.,The Cartographer of Vanishing Roads,True,0,2026-09-07T20:55:09.477344+00:00,2026-09-07T20:55:13.548597+00:00,1782,11,b2906b04d52e04261994b95b89e04eb206df9fca8a335970d0c1d2e0577a8e23
69,89,01a07da7-5d71-7ca0-857a-a2529adba5ba,Invent a literary novel title. Title only.,The Cartography of Vanishing Light,True,0,2026-09-07T20:55:14.650231+00:00,2026-09-07T20:55:19.483738+00:00,1782,11,a94233ea9f66ed75c5d52b83ae6ac9cabcc0cd08ad0d278a3a2e4f0b91fef650
70,90,01a07da7-75e0-7933-9dd5-54c741ac3ca4,Invent a literary novel title. Title only.,The Cartographer of Lost Hours,True,0,2026-09-07T20:55:20.584315+00:00,2026-09-07T20:55:25.486780+00:00,1782,10,8ba25f2ae1ff9bee2b602b39e198aaa3c2a8f8d2a9b6b2b1c8ff71d9e2091e6d
71,91,01a07da7-8c53-77c3-9718-bbd8f30e3d98,Invent a literary novel title. Title only.,The Cartographer of Vanishing Roads,True,0,2026-09-07T20:55:26.588355+00:00,2026-09-07T20:55:31.212881+00:00,1782,11,513c8c6fad78643760f35537efaae3017c360194f1a24939fc4e7dc932e0aef8
72,92,01a07da7-a22e-7e22-b487-d6b93a677013,Invent a literary novel title. Title only.,The Cartography of Unsaid Things,True,0,2026-09-07T20:55:32.314351+00:00,2026-09-07T20:55:36.735150+00:00,1782,11,1179974aa19aeb8a45b7ddeb1b22ded50eb9e733afe0c55bf63ab33708cf9616
73,93,01a07da7-b8ab-7391-99b5-b4e422c5e1b5,Invent a literary novel title. Title only.,The Cartography of Vanishing Light,True,0,2026-09-07T20:55:37.836335+00:00,2026-09-07T20:55:42.584604+00:00,1782,11,6b5bcf4d47cd437eccea809d4c8144a475f0b87982df7f74c61ea490eccd13ba
74,94,01a07da7-ced8-7030-8a4b-90313f57a2d4,Invent a literary novel title. Title only.,The Cartographer of Forgotten Rain,True,0,2026-09-07T20:55:43.686211+00:00,2026-09-07T20:55:48.403438+00:00,1782,10,0b5bb4fe5415ed2c430944da95264ee57dca843c60cf14e41ac089bc3c6dad75
75,95,01a07da7-e598-7352-9bc6-ccc04858deb1,Invent a literary novel title. Title only.,The Cartographer of Vanishing Roads,True,0,2026-09-07T20:55:49.504337+00:00,2026-09-07T20:55:54.766214+00:00,1782,11,a15208920ff946ae540df1e04d8d1dfe87c68defb29b60c5cc5591df376cafc0
76,96,01a07da7-fe5b-79f0-8cda-eba9c23663ca,Invent a literary novel title. Title only.,The Cartographer of Vanishing Roads,True,0,2026-09-07T20:55:55.867854+00:00,2026-09-07T20:56:00.413495+00:00,1782,11,ae32c414cd0c040bd8da1cdefbe6da555d52c29fad7f43972b95dacb1b3a2c90
77,97,01a07da8-14e8-7520-a3fd-5005ef511ca0,Invent a literary novel title. Title only.,The Cartographer of Vanishing Roads,True,0,2026-09-07T20:56:01.514398+00:00,2026-09-07T20:56:06.825522+00:00,1782,11,65a9f527a62a5d19eb5a08a57a4dcaaa228aa5e5d241efdaa5fa6a6d2449d5e5
78,98,01a07da8-2de8-70d0-87e2-b3982f809710,Invent a literary novel title. Title only.,The Cartographer of Vanishing Roads,True,0,2026-09-07T20:56:07.926360+00:00,2026-09-07T20:56:12.310941+00:00,1782,11,0eca75bb35b9f37f25a622047db8bd528bde647b0932db5994c8d4bc77d4d6d6
79,99,01a07da8-4304-7ba0-887d-8bd140f83bdc,Invent a literary novel title. Title only.,The Cartographer of Unforgotten Rain,True,0,2026-09-07T20:56:13.412533+00:00,2026-09-07T20:56:17.616431+00:00,1782,12,1ada5d97d188e57a4e9946bc7b2a626ff4f320a15c97aca8a477d9c0d966363f
80,100,01a07da8-57cd-77e0-af6e-cedc742f7f73,Invent a literary novel title. Title only.,The Cartographer of Vanishing Roads,True,0,2026-09-07T20:56:18.718014+00:00,2026-09-07T20:56:24.400032+00:00,1782,11,450235ea92e70796d540ca0e3d9a4ef00d9d9782050e62ff17b98725d340a377
